Signal,emav,dasdv,fzc,vare,Movmnt
1,0.734223197,1.342523706,832,1.227554544,Cyl
2,0.76364533,1.453078293,901,1.128552241,Cyl
3,0.69158151,1.327400376,502,0.847634249,Cyl
4,0.659271256,1.139316751,860,0.699779798,Cyl
5,0.71168623,1.319307511,555,0.99987085,Cyl
6,0.776652483,1.511827674,997,1.09120237,Cyl
7,0.664521316,1.158785417,1179,0.658277645,Cyl
8,0.625331816,1.002557675,444,0.546196412,Cyl
9,0.67137237,1.143308641,995,0.655675924,Cyl
10,0.674771826,1.193929338,456,0.70694815,Cyl
11,0.695253778,1.279071578,288,0.75677491,Cyl
12,0.645316952,1.033397492,566,0.538099832,Cyl
13,0.621002877,0.98851517,1102,0.509163325,Cyl
14,0.694552194,1.223909219,1148,0.725791302,Cyl
15,0.755658943,1.464917248,906,1.003836665,Cyl
16,0.698417511,1.290759276,842,0.764339512,Cyl
17,0.667157481,1.136525503,798,0.627985869,Cyl
18,0.625549962,1.022083986,132,0.547045597,Cyl
19,0.685795788,1.221076973,1084,0.763368676,Cyl
20,0.675094855,1.247618236,1230,0.72664959,Cyl
21,0.732813918,1.414555625,648,0.87259247,Cyl
22,0.670669908,1.254309143,614,0.71218719,Cyl
23,0.711091123,1.544091891,944,1.058628439,Cyl
24,0.809468182,1.562620881,708,1.185531724,Cyl
25,0.697199191,1.405118889,344,0.907029257,Cyl
26,0.681369832,1.279729118,914,0.808289947,Cyl
27,0.649833059,1.19956778,448,0.675435664,Cyl
28,0.647748467,1.156605286,288,0.636237398,Cyl
29,0.669173665,1.215567618,514,0.741519563,Cyl
30,0.601816788,0.977145733,472,0.466607615,Cyl
31,0.53940475,0.935813389,384,0.443480043,Cyl
32,0.580358993,1.095816264,338,0.547165364,Cyl
33,0.549401638,0.986051535,588,0.453929953,Cyl
34,0.599236236,1.111187549,585,0.561926999,Cyl
35,0.620297785,1.125635705,887,0.569978414,Cyl
36,0.570249689,0.919929257,748,0.396120351,Cyl
37,0.570731318,0.924189238,1139,0.416969918,Cyl
38,0.616581913,1.233147169,634,0.701486055,Cyl
39,0.679438899,1.310482029,784,0.813863482,Cyl
40,0.645216263,1.186047764,451,0.668918402,Cyl
41,0.632700823,1.114628097,416,0.59834474,Cyl
42,0.590930661,0.97706086,524,0.495148213,Cyl
43,0.633514864,1.097696859,860,0.594460251,Cyl
44,0.632334279,1.305758328,944,0.755453103,Cyl
45,0.606292021,1.149893424,832,0.607925532,Cyl
46,0.590372368,1.002510068,613,0.493207149,Cyl
47,0.584024327,0.95364329,202,0.452385511,Cyl
48,0.583574097,0.96728899,538,0.46838179,Cyl
49,0.610808236,1.154672599,572,0.638628334,Cyl
50,0.576438607,1.03187715,920,0.522233162,Cyl
51,0.585278189,1.039228817,1177,0.521242589,Cyl
52,0.572404368,0.980387088,382,0.468697636,Cyl
53,0.623520705,1.206157115,782,0.732883041,Cyl
54,0.584323655,0.968240453,617,0.501236456,Cyl
55,0.574228177,0.967516165,1070,0.442899227,Cyl
56,0.546319709,0.923972195,576,0.424643896,Cyl
57,0.552924218,0.918114433,1067,0.434319348,Cyl
58,0.600220889,1.056512216,758,0.534030845,Cyl
59,0.583051227,1.09859907,636,0.560974916,Cyl
60,0.561094258,0.948426106,538,0.438045432,Cyl
61,0.581139389,0.947091694,704,0.433851539,Cyl
62,0.549851041,0.868763663,284,0.423517516,Cyl
63,0.577529509,0.992738349,648,0.480944817,Cyl
64,0.62579347,1.058658596,394,0.597654375,Cyl
65,0.588903114,0.963148287,522,0.479574126,Cyl
66,0.573809993,0.949501196,513,0.466455345,Cyl
67,0.596669262,1.038825492,1151,0.557495116,Cyl
68,0.582471512,1.00034203,874,0.506283375,Cyl
69,0.545606651,0.871105827,516,0.405297137,Cyl
70,0.536894187,0.897943724,536,0.416303419,Cyl
71,0.651461127,1.331564722,522,0.836183753,Cyl
72,0.573393283,0.929743963,842,0.475940315,Cyl
73,0.588337155,1.028577838,342,0.537101265,Cyl
74,0.574075764,0.991457706,728,0.476819631,Cyl
75,0.599880277,1.048386295,988,0.538487438,Cyl
76,0.619931073,1.04396709,798,0.548043403,Cyl
77,0.585860236,0.954854045,1178,0.478210472,Cyl
78,0.57906289,1.036490871,609,0.547112556,Cyl
79,0.644792338,1.183236726,705,0.67884656,Cyl
80,0.558834758,0.926098153,342,0.45673263,Cyl
81,0.635617655,1.119005876,1234,0.610360156,Cyl
82,0.675859446,1.273966712,678,0.762784804,Cyl
83,0.589729814,1.007977144,921,0.526516802,Cyl
84,0.609233585,1.089762866,980,0.592881272,Cyl
85,0.675351393,1.291571451,770,0.788262942,Cyl
86,0.670023409,1.25247493,1016,0.7739012,Cyl
87,0.656192315,1.175217126,498,0.677332014,Cyl
88,0.562205237,0.973674361,408,0.455616579,Cyl
89,0.607652608,1.092154682,1131,0.570903042,Cyl
90,0.597785805,1.013351366,748,0.485749753,Cyl
91,0.620196381,1.178935555,734,0.716694437,Cyl
92,0.682076807,1.200811538,814,0.734161566,Cyl
93,0.649171615,1.189386267,584,0.700845719,Cyl
94,0.539164195,0.822503764,422,0.349913561,Cyl
95,0.751426937,1.49512438,1025,1.145910071,Cyl
96,0.692737959,1.253152631,740,0.783237559,Cyl
97,0.719806413,1.362112656,588,0.838588414,Cyl
98,0.76214282,1.518682467,432,1.150909932,Cyl
99,0.767920831,1.519061912,800,1.057419695,Cyl
100,0.750097207,1.504719954,1204,1.080707915,Cyl
101,0.646989431,1.090773501,819,0.615859085,hook
102,0.64500492,1.063054658,824,0.604636737,hook
103,0.608742967,0.949108816,558,0.512535245,hook
104,0.65323456,1.050786768,554,0.628412029,hook
105,0.562024172,0.797654259,610,0.385698797,hook
106,0.69319072,1.145576818,600,0.749493624,hook
107,0.57130962,0.836289893,450,0.43345331,hook
108,0.534370105,0.70815673,521,0.313767575,hook
109,0.570234439,0.852654864,636,0.428118547,hook
110,0.511091997,0.692442661,354,0.288280964,hook
111,0.656484104,1.052011366,1078,0.605244835,hook
112,0.652536462,1.069739883,678,0.615374847,hook
113,0.613066748,1.043965837,685,0.593096022,hook
114,0.605844003,0.951779617,652,0.540803307,hook
115,0.677420925,1.131547192,474,0.708185687,hook
116,0.61377487,0.991507323,554,0.560352127,hook
117,0.601978691,0.934248384,631,0.499446633,hook
118,0.571217318,0.926598401,554,0.480527839,hook
119,0.517715454,0.737569374,526,0.338959824,hook
120,0.583895598,0.887253304,621,0.450170813,hook
121,0.559065859,0.847301334,497,0.427626849,hook
122,0.554316483,0.828086108,592,0.40661887,hook
123,0.566493251,0.810459344,915,0.401890517,hook
124,0.484864895,0.639481195,478,0.267000805,hook
125,0.580882091,0.863437007,668,0.450291825,hook
126,0.525283827,0.751382608,439,0.331233531,hook
127,0.557379071,0.805884551,488,0.40805995,hook
128,0.532499056,0.789354703,517,0.365148233,hook
129,0.598793695,0.917421134,536,0.499120731,hook
130,0.578736503,0.895197718,685,0.477254195,hook
131,0.538244001,0.740525758,514,0.33292036,hook
132,0.55298363,0.802716302,586,0.389972293,hook
133,0.504289344,0.684844092,444,0.310268119,hook
134,0.512715876,0.685959499,274,0.305174534,hook
135,0.539865362,0.761791756,462,0.368622902,hook
136,0.487458974,0.631541775,406,0.267084587,hook
137,0.48006058,0.618052092,378,0.250891892,hook
138,0.432875226,0.503133833,238,0.181900045,hook
139,0.502015846,0.657712165,456,0.287028688,hook
140,0.570622834,0.836393866,645,0.407621162,hook
141,0.494006833,0.64250841,504,0.267710722,hook
142,0.467453711,0.589713831,322,0.223507442,hook
143,0.412443336,0.429276477,144,0.136334642,hook
144,0.504902596,0.678509643,414,0.286948247,hook
145,0.470911236,0.609017958,322,0.240888818,hook
146,0.501840941,0.678504047,196,0.298703899,hook
147,0.489344595,0.63732311,342,0.264273964,hook
148,0.483667627,0.625289702,238,0.262313314,hook
149,0.500215239,0.64023104,356,0.265105963,hook
150,0.503416659,0.63429449,538,0.257525893,hook
151,0.540902412,0.78132056,496,0.353241258,hook
152,0.558673768,0.818994021,738,0.397599965,hook
153,0.472676834,0.592094716,272,0.231621773,hook
154,0.50039376,0.68746795,352,0.284003146,hook
155,0.492900989,0.698028206,404,0.291594543,hook
156,0.472508615,0.618565674,462,0.240398433,hook
157,0.501335624,0.686129585,387,0.292224902,hook
158,0.576096918,0.892795423,627,0.458238507,hook
159,0.474616308,0.637667164,498,0.257840728,hook
160,0.576093815,0.998965531,400,0.524171625,hook
161,0.520097646,0.729363232,355,0.345111156,hook
162,0.501210431,0.678883539,392,0.28327705,hook
163,0.531172568,0.77620336,290,0.377371977,hook
164,0.522817887,0.752594986,278,0.338175862,hook
165,0.481190128,0.625757136,426,0.258171981,hook
166,0.489989038,0.646229152,436,0.281891761,hook
167,0.572901372,0.9050793,588,0.479176913,hook
168,0.516094748,0.760735494,440,0.346009968,hook
169,0.470378664,0.570602156,721,0.223147563,hook
170,0.515036945,0.757763545,536,0.363267228,hook
171,0.477539112,0.641925585,444,0.251763864,hook
172,0.500435422,0.680917393,374,0.308659378,hook
173,0.501196383,0.64779512,200,0.277048776,hook
174,0.368301596,0.358207677,142,0.097746129,hook
175,0.54352994,0.828446289,508,0.427803293,hook
176,0.499262063,0.691387762,368,0.302723563,hook
177,0.464563344,0.573307458,274,0.210444852,hook
178,0.648700852,1.179787498,665,0.793827874,hook
179,0.585755826,0.892721399,504,0.48542961,hook
180,0.506937889,0.833527702,360,0.414804878,hook
181,0.527512792,0.767631576,522,0.358001711,hook
182,0.45232474,0.549271358,288,0.203186219,hook
183,0.510098618,0.693020245,296,0.313611537,hook
184,0.425424447,0.509273559,244,0.173263683,hook
185,0.454610424,0.550804768,432,0.202880193,hook
186,0.503233131,0.680208875,350,0.294352683,hook
187,0.521356801,0.712144804,522,0.315073948,hook
188,0.555880788,0.81294364,525,0.411467504,hook
189,0.428393863,0.511988386,265,0.189855198,hook
190,0.545752455,0.797590227,425,0.398191689,hook
191,0.494915249,0.671890367,479,0.281595919,hook
192,0.472590444,0.653376903,216,0.267518369,hook
193,0.459117015,0.557893072,342,0.213608776,hook
194,0.490790202,0.643675383,462,0.266009779,hook
195,0.470799563,0.605607938,338,0.237478822,hook
196,0.465816051,0.579087515,294,0.226882862,hook
197,0.482857812,0.653173416,268,0.289661554,hook
198,0.476509156,0.586737203,446,0.226753462,hook
199,0.482189396,0.662979785,410,0.273608332,hook
200,0.49049501,0.662963061,422,0.273277099,hook
201,0.517697134,0.789469977,532,0.289716258,lat
202,0.553003723,0.910136114,807,0.361943774,lat
203,0.617421531,1.034098079,1004,0.469471193,lat
204,0.567308256,0.908486356,924,0.369596601,lat
205,0.553315916,0.913501045,678,0.370410711,lat
206,0.503600875,0.731574761,428,0.259104559,lat
207,0.4618557,0.612291427,582,0.190770306,lat
208,0.456276446,0.591462717,619,0.17844108,lat
209,0.42557451,0.510878533,334,0.142858394,lat
210,0.453961872,0.598604437,628,0.182623957,lat
211,0.50500903,0.752831408,570,0.268250203,lat
212,0.478761624,0.67313881,498,0.221514387,lat
213,0.546913497,0.907321875,1065,0.347183943,lat
214,0.518978681,0.843374487,642,0.302682854,lat
215,0.502799907,0.747534502,420,0.260710529,lat
216,0.615836037,1.114003303,1079,0.513506546,lat
217,0.587827601,1.0035018,648,0.426166935,lat
218,0.511379227,0.83308352,411,0.307159038,lat
219,0.529335364,0.880636023,438,0.330690883,lat
220,0.466906936,0.671577494,320,0.211860051,lat
221,0.50082858,0.775079185,204,0.266998636,lat
222,0.474296555,0.674325387,470,0.21059029,lat
223,0.49252464,0.740737504,406,0.247376062,lat
224,0.516061111,0.803122831,345,0.305457534,lat
225,0.497867181,0.755250687,892,0.253948361,lat
226,0.60054895,0.949694632,230,0.429388633,lat
227,0.568657449,0.93433686,490,0.389426481,lat
228,0.464387644,0.624102647,338,0.203214493,lat
229,0.493684442,0.704100353,356,0.239506166,lat
230,0.527306472,0.796184473,416,0.295328721,lat
231,0.50153459,0.735151765,464,0.249819488,lat
232,0.46343621,0.639349331,318,0.196207793,lat
233,0.481393832,0.713470099,686,0.236893261,lat
234,0.505164458,0.810360605,506,0.284744736,lat
235,0.605800281,1.022866741,550,0.453134622,lat
236,0.524611286,0.794737243,884,0.29796787,lat
237,0.601310493,1.067780612,514,0.482426118,lat
238,0.566648198,0.964349662,732,0.403963789,lat
239,0.615655484,1.037058765,1243,0.482039334,lat
240,0.579687215,0.926556868,470,0.387388927,lat
241,0.611446527,1.076579611,790,0.490640885,lat
242,0.55524573,0.86511098,651,0.352493763,lat
243,0.578452589,1.00946077,418,0.429009758,lat
244,0.597846866,1.056811204,680,0.478161451,lat
245,0.563192548,0.912647223,454,0.364887854,lat
246,0.500271756,0.707347947,578,0.244233631,lat
247,0.550433655,0.869053791,840,0.350433763,lat
248,0.512182206,0.769745642,442,0.278388541,lat
249,0.538218021,0.863291541,785,0.329699344,lat
250,0.578248684,0.941842756,240,0.399489549,lat
251,0.612833423,1.11496823,324,0.501848718,lat
252,0.5989869,1.027265808,788,0.453796807,lat
253,0.505263158,0.754737525,704,0.25692578,lat
254,0.527001232,0.812734798,603,0.300911349,lat
255,0.607437973,1.060090408,850,0.484495453,lat
256,0.531444201,0.829045594,604,0.31387314,lat
257,0.544196447,0.868649128,965,0.340401472,lat
258,0.533430949,0.866184179,645,0.336649959,lat
259,0.489206662,0.73149785,690,0.244089494,lat
260,0.50573597,0.784514069,767,0.280207516,lat
261,0.476829541,0.720570659,406,0.234334966,lat
262,0.561109814,0.969009699,710,0.402713507,lat
263,0.512116,0.842714706,688,0.311623377,lat
264,0.470595936,0.741909269,531,0.240947139,lat
265,0.475072583,0.766005742,504,0.243476094,lat
266,0.479754701,0.767469601,608,0.251242383,lat
267,0.543792304,0.914593988,856,0.35304647,lat
268,0.580074194,0.991904939,886,0.418414127,lat
269,0.494002727,0.732234599,558,0.250013799,lat
270,0.511711041,0.733532492,400,0.264736894,lat
271,0.51270353,0.762077434,374,0.282283779,lat
272,0.539954715,0.867207536,790,0.338853598,lat
273,0.56345303,0.901950668,1012,0.370481596,lat
274,0.537297687,0.823381828,416,0.318698475,lat
275,0.546072183,0.889969699,522,0.358125486,lat
276,0.532578129,0.773733312,192,0.291599574,lat
277,0.555606548,0.898253361,510,0.358612914,lat
278,0.575129828,0.999130871,844,0.427828543,lat
279,0.55337946,0.940531376,748,0.379582137,lat
280,0.556296279,0.985270439,724,0.409904514,lat
281,0.500167693,0.788029114,655,0.267887437,lat
282,0.591744785,1.01138157,794,0.442436259,lat
283,0.60763403,1.073495598,984,0.498001895,lat
284,0.59198018,1.025949922,1190,0.436367124,lat
285,0.542195824,0.902306304,744,0.34888365,lat
286,0.454017875,0.642953781,506,0.186855564,lat
287,0.575045579,0.991118732,564,0.420907608,lat
288,0.517961381,0.84339658,638,0.308561071,lat
289,0.482897554,0.743338771,522,0.24254002,lat
290,0.506980552,0.831623782,728,0.280113661,lat
291,0.548500125,0.921219035,632,0.364712339,lat
292,0.458614012,0.651457511,714,0.197264328,lat
293,0.471659141,0.682468682,212,0.216716694,lat
294,0.565773124,0.93783598,506,0.389449402,lat
295,0.49277523,0.76294152,381,0.261577331,lat
296,0.475852101,0.72420524,420,0.237751619,lat
297,0.437048261,0.556788477,322,0.157707663,lat
298,0.528825458,0.820823195,558,0.308422023,lat
299,0.428242145,0.543564647,258,0.148247311,lat
300,0.46787291,0.644194485,418,0.19958465,lat
301,0.515619872,0.685545763,250,0.279815893,palm
302,0.46886271,0.551937295,226,0.192747906,palm
303,0.462408437,0.561162311,476,0.199945337,palm
304,0.480951015,0.601882659,358,0.212705917,palm
305,0.501218344,0.639286634,200,0.248924557,palm
306,0.446739134,0.662791308,346,0.221049629,palm
307,0.374242971,0.482508688,150,0.114839016,palm
308,0.412037408,0.524108527,210,0.141428353,palm
309,0.391412977,0.505146204,128,0.134652273,palm
310,0.387383213,0.477532251,84,0.125744806,palm
311,0.405659008,0.510864871,94,0.146853305,palm
312,0.389586218,0.483252604,150,0.129907539,palm
313,0.404919897,0.543293423,114,0.15195753,palm
314,0.396429258,0.487452248,148,0.127981152,palm
315,0.398656539,0.486467857,250,0.1387433,palm
316,0.466419931,0.589380841,504,0.208963208,palm
317,0.41384972,0.508300002,258,0.14946129,palm
318,0.400018801,0.422063931,302,0.116778398,palm
319,0.430952695,0.548367854,198,0.165295021,palm
320,0.429737194,0.546715702,286,0.165230826,palm
321,0.400308911,0.430293138,82,0.118193675,palm
322,0.426023929,0.474540119,226,0.140715469,palm
323,0.449564222,0.521096832,164,0.170316693,palm
324,0.451508518,0.608374012,664,0.201212738,palm
325,0.453478066,0.57127962,448,0.182501708,palm
326,0.426137115,0.476573753,134,0.143430764,palm
327,0.386840956,0.387062425,132,0.103104604,palm
328,0.412430109,0.532807782,253,0.168794941,palm
329,0.446503702,0.544881125,290,0.174591705,palm
330,0.43519711,0.505895568,412,0.160990696,palm
331,0.426392154,0.492742775,190,0.145974558,palm
332,0.447480032,0.57852464,448,0.180464393,palm
333,0.439891473,0.534984921,256,0.178804628,palm
334,0.452191742,0.534132064,249,0.1785626,palm
335,0.470422711,0.656027162,366,0.227567226,palm
336,0.44889672,0.585205623,374,0.193098361,palm
337,0.450253615,0.620342836,214,0.202264765,palm
338,0.406580282,0.475437963,170,0.144824776,palm
339,0.488219489,0.694212844,584,0.25552731,palm
340,0.431798851,0.500366089,184,0.155729227,palm
341,0.450417933,0.551065204,484,0.187733617,palm
342,0.443993643,0.533270816,468,0.169695422,palm
343,0.417564493,0.491948595,280,0.14787433,palm
344,0.440562561,0.544286155,302,0.175587412,palm
345,0.45076982,0.580304335,278,0.186093348,palm
346,0.401776145,0.426674756,190,0.124998078,palm
347,0.399201423,0.45763455,92,0.131248833,palm
348,0.406968965,0.469812399,94,0.135643035,palm
349,0.404139869,0.487500301,306,0.140743835,palm
350,0.445320242,0.540098634,290,0.187073953,palm
351,0.442569871,0.541074058,358,0.168594247,palm
352,0.411341367,0.471611792,206,0.138097461,palm
353,0.434438883,0.517258323,338,0.160580729,palm
354,0.392602905,0.44605418,405,0.124435247,palm
355,0.453201093,0.600418883,488,0.202320641,palm
356,0.438179684,0.557781637,209,0.186927364,palm
357,0.453076439,0.564977794,366,0.178114579,palm
358,0.4497181,0.544502853,68,0.168778365,palm
359,0.412755587,0.49115075,238,0.149671989,palm
360,0.410559658,0.455349494,240,0.133138488,palm
361,0.40050119,0.425118289,330,0.119012968,palm
362,0.362702758,0.396038891,112,0.100324672,palm
363,0.382131599,0.414943787,246,0.112700206,palm
364,0.394421866,0.459251157,206,0.124875656,palm
365,0.383179372,0.432419938,176,0.121265113,palm
366,0.396328528,0.492464227,192,0.14069886,palm
367,0.381101983,0.383147006,170,0.101923221,palm
368,0.355097471,0.313060973,62,0.079098501,palm
369,0.392664544,0.421815289,168,0.111335599,palm
370,0.367529645,0.365482136,146,0.092479863,palm
371,0.35352688,0.307551257,134,0.076084862,palm
372,0.411200684,0.48878761,122,0.141776894,palm
373,0.397020087,0.446076108,322,0.123068097,palm
374,0.361266694,0.369626279,174,0.094710082,palm
375,0.401525387,0.494144839,318,0.138946035,palm
376,0.39556964,0.428189833,108,0.116093273,palm
377,0.409391182,0.480648815,308,0.136496285,palm
378,0.463780701,0.622731819,332,0.211524739,palm
379,0.468539673,0.682465045,542,0.228132993,palm
380,0.488720244,0.680110176,496,0.239035566,palm
381,0.434820261,0.566269645,394,0.173408989,palm
382,0.44114825,0.596341356,346,0.181346341,palm
383,0.433469431,0.56878825,423,0.171136511,palm
384,0.447659073,0.549170361,432,0.169179129,palm
385,0.441258471,0.600559269,332,0.188210537,palm
386,0.436640296,0.559199677,364,0.165014798,palm
387,0.452455669,0.570298426,174,0.171167952,palm
388,0.485416864,0.674261709,896,0.22537585,palm
389,0.438949984,0.581025229,644,0.17568323,palm
390,0.414474604,0.529552228,40,0.149539725,palm
391,0.393599052,0.440336886,92,0.117619826,palm
392,0.430579274,0.521086573,144,0.156260888,palm
393,0.408256604,0.456759266,197,0.129674395,palm
394,0.448183266,0.629309783,171,0.197242036,palm
395,0.450355267,0.662196414,526,0.228823382,palm
396,0.447570144,0.607444626,586,0.192671494,palm
397,0.403568408,0.462168154,360,0.128454089,palm
398,0.44033895,0.539709362,805,0.164006639,palm
399,0.388393127,0.436687505,64,0.119855542,palm
400,0.36670555,0.351901031,82,0.0874093,palm
401,0.666216638,1.332084192,858,0.790515285,spher
402,0.663607505,1.239362827,942,0.708884444,spher
403,0.659120688,1.173788511,1116,0.669509634,spher
404,0.67639223,1.275200616,913,0.739772654,spher
405,0.652297715,1.238701012,747,0.697384301,spher
406,0.644960941,1.219728431,1145,0.680569763,spher
407,0.642555512,1.179384046,1128,0.640114488,spher
408,0.656532674,1.150973063,900,0.638615738,spher
409,0.56279975,0.9640247,654,0.472449794,spher
410,0.796341373,1.590528662,1215,1.230925727,spher
411,0.692208772,1.327656451,569,0.836105687,spher
412,0.739750037,1.478578374,772,0.984039046,spher
413,0.753294342,1.487086293,700,0.992632384,spher
414,0.706860365,1.417267244,794,0.930230946,spher
415,0.728836487,1.407637588,1036,0.922662806,spher
416,0.672886758,1.246700168,892,0.74522791,spher
417,0.67779021,1.253207356,1053,0.750330276,spher
418,0.68069432,1.262592887,843,0.748908554,spher
419,0.629573417,1.194487198,799,0.680677784,spher
420,0.691525264,1.279877944,864,0.822916249,spher
421,0.673311689,1.289260389,688,0.779468772,spher
422,0.767005925,1.432168746,863,0.993542953,spher
423,0.698236552,1.302489604,931,0.819908849,spher
424,0.726422321,1.574967366,1148,1.126422712,spher
425,0.753005646,1.542128999,856,1.0772206,spher
426,0.698392061,1.46334323,736,1.000201301,spher
427,0.712193167,1.425995361,804,0.911070411,spher
428,0.711276282,1.413545508,831,0.930167428,spher
429,0.762675325,1.683493942,881,1.303032663,spher
430,0.687321528,1.276759484,706,0.837614413,spher
431,0.696728091,1.410540186,656,0.926340713,spher
432,0.67146804,1.247499664,723,0.742229914,spher
433,0.728538857,1.417213903,780,0.962247116,spher
434,0.785772858,1.553884297,1255,1.120025739,spher
435,0.733470619,1.403839572,846,0.920302879,spher
436,0.75990179,1.438053071,946,1.001357666,spher
437,0.74667096,1.373722429,1114,0.970989688,spher
438,0.758095099,1.408877577,1166,0.953870164,spher
439,0.727252293,1.436883531,736,0.934179149,spher
440,0.73624848,1.425081891,620,0.912887516,spher
441,0.806729508,1.576241738,882,1.177632562,spher
442,0.757801526,1.519318012,952,1.090447957,spher
443,0.757547899,1.568496152,760,1.136288133,spher
444,0.771608818,1.540125567,824,1.156464138,spher
445,0.716650032,1.465710996,692,0.956283928,spher
446,0.757207551,1.423732404,696,1.049645381,spher
447,0.786093897,1.442556947,982,1.040669017,spher
448,0.751499969,1.302919828,1135,0.864775376,spher
449,0.74294671,1.348584816,1004,0.909005549,spher
450,0.832542857,1.473804343,838,1.235787974,spher
451,0.76493316,1.380020357,1032,1.000603326,spher
452,0.765909665,1.39685113,746,1.041736197,spher
453,0.668835062,1.265193519,909,0.787931879,spher
454,0.824676548,1.584152315,580,1.372327766,spher
455,0.773309284,1.416518099,1110,1.037439533,spher
456,0.788274455,1.483143383,782,1.085903554,spher
457,0.759591537,1.376437118,736,0.956609031,spher
458,0.657942034,1.252548644,684,0.794235838,spher
459,0.77969668,1.379660259,503,0.984319084,spher
460,0.793392576,1.447964613,1073,1.049625037,spher
461,0.775760899,1.447243172,729,1.111896397,spher
462,0.691233608,1.354253666,784,0.892330224,spher
463,0.647229646,1.19968907,751,0.705228506,spher
464,0.644154539,1.147523623,658,0.713567199,spher
465,0.623311248,1.064514465,930,0.563054755,spher
466,0.751332317,1.499376148,1073,1.028136259,spher
467,0.758939111,1.407989147,855,0.971615216,spher
468,0.745600932,1.48092252,863,1.040118253,spher
469,0.728882849,1.381553702,712,0.900575296,spher
470,0.72410918,1.362960131,1208,0.878086013,spher
471,0.691767906,1.236644777,980,0.738855523,spher
472,0.676573224,1.282965809,707,0.783306853,spher
473,0.68436052,1.244913087,738,0.743937361,spher
474,0.689515473,1.299677647,1021,0.78733688,spher
475,0.686595465,1.256306901,523,0.790783273,spher
476,0.698553509,1.286466805,882,0.803690956,spher
477,0.732308879,1.515200303,1034,1.088138251,spher
478,0.626182166,1.133636279,775,0.606341194,spher
479,0.70688502,1.341964529,1155,0.836482718,spher
480,0.65700105,1.259626098,582,0.721884878,spher
481,0.636967121,1.180203238,788,0.650087474,spher
482,0.74882714,1.328525082,892,0.854552806,spher
483,0.730734525,1.326005457,933,0.850045406,spher
484,0.666174048,1.177993565,936,0.699628598,spher
485,0.665396104,1.234199653,652,0.725972173,spher
486,0.665036145,1.156481785,834,0.628683112,spher
487,0.681400196,1.239443586,800,0.72390934,spher
488,0.673658318,1.207277433,878,0.698981374,spher
489,0.700363106,1.310604863,842,0.787906386,spher
490,0.69147127,1.188785991,815,0.722546869,spher
491,0.708079842,1.289782929,923,0.764975033,spher
492,0.662259968,1.23975907,786,0.777831685,spher
493,0.645165251,1.135831426,662,0.636078453,spher
494,0.640939072,1.190820353,936,0.655994647,spher
495,0.720255247,1.414141434,1263,0.92898036,spher
496,0.711783504,1.259210451,826,0.805949862,spher
497,0.69573187,1.265967006,843,0.772313338,spher
498,0.679884886,1.277793338,1187,0.76199223,spher
499,0.728584996,1.387054195,760,0.936697485,spher
500,0.708196988,1.347776769,490,0.863601088,spher
501,0.514133571,0.700075375,920,0.254861271,tip
502,0.457160751,0.563271882,394,0.181879155,tip
503,0.51392222,0.705168659,875,0.257153444,tip
504,0.545889118,0.820870128,740,0.328919138,tip
505,0.646571539,1.155249559,1238,0.592468464,tip
506,0.501375574,0.698409011,268,0.245707081,tip
507,0.588227285,1.018608878,796,0.453573654,tip
508,0.522309833,0.746023636,562,0.275347798,tip
509,0.509274989,0.751023066,693,0.272744743,tip
510,0.478612069,0.625920837,884,0.209793889,tip
511,0.544710256,0.792000759,524,0.309948965,tip
512,0.581234932,0.896736181,780,0.39091166,tip
513,0.539636024,0.792414622,310,0.319442989,tip
514,0.49120272,0.737754653,440,0.2500668,tip
515,0.519543086,0.788581809,354,0.287502564,tip
516,0.508425646,0.744142816,580,0.275861927,tip
517,0.472546741,0.567862881,290,0.200629349,tip
518,0.502979809,0.702426737,475,0.245307606,tip
519,0.584482453,0.890610564,1179,0.38843012,tip
520,0.501979064,0.682524384,784,0.264315425,tip
521,0.476327994,0.627440353,442,0.211508159,tip
522,0.471952716,0.590793068,258,0.195442973,tip
523,0.4779766,0.61002819,128,0.206625009,tip
524,0.601638362,0.957045658,1185,0.449033392,tip
525,0.547859408,0.834774672,993,0.343812727,tip
526,0.499400367,0.665159681,232,0.263357051,tip
527,0.532852949,0.792687503,690,0.299202441,tip
528,0.401828024,0.425600424,204,0.11252038,tip
529,0.442282014,0.516685497,320,0.158143172,tip
530,0.627697256,1.051413902,1200,0.523072979,tip
531,0.489490845,0.65752878,1235,0.213582266,tip
532,0.419084791,0.460403488,152,0.136535706,tip
533,0.423961164,0.466800862,132,0.13941487,tip
534,0.440161501,0.512118354,293,0.160619732,tip
535,0.436625897,0.50979272,320,0.156568101,tip
536,0.452877749,0.5431992,926,0.170155911,tip
537,0.508501308,0.726753217,875,0.253944276,tip
538,0.430610678,0.499585636,454,0.165287841,tip
539,0.423333927,0.463050578,78,0.139597361,tip
540,0.518999722,0.736276634,366,0.264680259,tip
541,0.435524568,0.483985158,168,0.145854244,tip
542,0.533826671,0.779773863,832,0.289160211,tip
543,0.446232215,0.530359814,350,0.171966177,tip
544,0.449230761,0.544271314,220,0.175679145,tip
545,0.456562474,0.558217878,498,0.184625257,tip
546,0.442723785,0.511193737,314,0.165476859,tip
547,0.436651326,0.51057486,312,0.158201502,tip
548,0.481512155,0.645946485,390,0.231452333,tip
549,0.410995943,0.440774153,172,0.131497432,tip
550,0.481660466,0.606319015,242,0.217236201,tip
551,0.489959512,0.69132386,460,0.286265452,tip
552,0.441585635,0.542526232,174,0.207692124,tip
553,0.464195408,0.580099916,164,0.2037323,tip
554,0.459000339,0.566670679,298,0.199769596,tip
555,0.449048528,0.545228401,240,0.183337749,tip
556,0.438520836,0.520692894,172,0.166581989,tip
557,0.487974987,0.64731948,248,0.258616026,tip
558,0.414269652,0.459040782,228,0.141701072,tip
559,0.443904179,0.526305941,360,0.172580964,tip
560,0.450891689,0.539024627,208,0.183357327,tip
561,0.467388138,0.585256094,296,0.198778445,tip
562,0.554530212,0.814682226,637,0.359709966,tip
563,0.552327255,0.842310544,530,0.331309958,tip
564,0.524504938,0.718585368,510,0.298429464,tip
565,0.536877729,0.810692726,418,0.379040434,tip
566,0.533809746,0.750602052,402,0.313867143,tip
567,0.552833425,0.802326385,214,0.344926027,tip
568,0.555786975,0.817753656,390,0.375367947,tip
569,0.479923222,0.590189539,252,0.216020004,tip
570,0.532821505,0.778621078,414,0.333172068,tip
571,0.518354059,0.689322714,302,0.292578821,tip
572,0.528548466,0.763873309,588,0.331897274,tip
573,0.47848128,0.572188343,202,0.203566625,tip
574,0.479407519,0.629807216,154,0.233999659,tip
575,0.459274,0.651070847,378,0.253025115,tip
576,0.478701048,0.581518502,250,0.20988355,tip
577,0.477404414,0.584906288,318,0.216115209,tip
578,0.478290072,0.652792857,490,0.250076748,tip
579,0.450564081,0.521351327,365,0.176576983,tip
580,0.457933533,0.559125388,122,0.199474854,tip
581,0.470699513,0.581121368,358,0.206167879,tip
582,0.443806543,0.545487893,395,0.188723476,tip
583,0.454442699,0.538686172,132,0.18797311,tip
584,0.590252925,0.897440082,257,0.438255481,tip
585,0.539400071,0.830140934,420,0.404994227,tip
586,0.529098255,0.792223351,452,0.334363435,tip
587,0.478040388,0.596366233,340,0.21712465,tip
588,0.492320865,0.658424316,376,0.256548721,tip
589,0.513139613,0.730147469,206,0.304524838,tip
590,0.499252477,0.688422594,324,0.269032495,tip
591,0.509902489,0.700160585,666,0.271993201,tip
592,0.524273497,0.742775462,468,0.343556558,tip
593,0.571142217,0.856887411,338,0.389587032,tip
594,0.5632394,0.876066397,376,0.442760154,tip
595,0.535279708,0.779364901,112,0.332416369,tip
596,0.504897798,0.682332667,447,0.278689995,tip
597,0.510856297,0.734357427,486,0.30403686,tip
598,0.51493275,0.719718484,320,0.299952955,tip
599,0.520848802,0.828650656,568,0.385978836,tip
600,0.532065683,0.778234281,462,0.29164803,tip
601,0.925972597,2.084502991,843,2.247654376,Cyl
602,1.023005413,2.505627071,1106,3.279395532,Cyl
603,0.985203476,2.41012984,804,2.999503955,Cyl
604,0.958511288,2.361350192,1055,2.73709895,Cyl
605,0.868665476,1.890039658,815,1.876539811,Cyl
606,0.863171706,1.929264334,738,1.859550473,Cyl
607,0.912544427,2.064399731,892,2.126881075,Cyl
608,0.818623159,1.778758223,586,1.617323545,Cyl
609,0.925554446,2.183291923,730,2.420726766,Cyl
610,1.02637657,2.541891966,1160,3.128197447,Cyl
611,0.991455602,2.447287957,854,3.010172657,Cyl
612,0.984271051,2.281208375,745,2.559719102,Cyl
613,0.877322301,1.950931569,692,1.890556524,Cyl
614,0.854486259,1.986195676,790,1.92910661,Cyl
615,0.835690637,1.884786426,819,1.733364132,Cyl
616,0.95189275,2.231562555,887,2.486922447,Cyl
617,0.923519,2.164001126,883,2.278621663,Cyl
618,0.959949286,2.189086438,578,2.401359961,Cyl
619,0.919696718,2.201537679,742,2.301573217,Cyl
620,0.791691399,1.769166991,680,1.583389922,Cyl
621,0.851577709,1.879836085,848,1.910469864,Cyl
622,0.812569641,1.701199176,612,1.525102443,Cyl
623,0.837262314,1.750563474,772,1.575223392,Cyl
624,0.884453736,2.018822198,653,2.042879376,Cyl
625,0.814914141,1.649387418,881,1.460168289,Cyl
626,0.862735553,1.924319793,1073,1.863122918,Cyl
627,0.896151572,1.921698436,758,2.034000922,Cyl
628,0.845757932,1.950715483,752,1.897120592,Cyl
629,0.858771737,1.870189003,953,1.826349281,Cyl
630,0.965282271,2.218234782,869,2.556291643,Cyl
631,0.889845131,2.086121,896,2.065500712,Cyl
632,0.778798908,1.586953177,622,1.366952163,Cyl
633,0.833088229,1.833195774,960,1.688298374,Cyl
634,0.881058274,1.958554871,1002,1.934537912,Cyl
635,0.805574521,1.730468863,769,1.527676673,Cyl
636,0.835238792,1.775641798,803,1.703029907,Cyl
637,0.838922237,1.82886931,795,1.744449106,Cyl
638,0.81281965,1.795664258,684,1.668024467,Cyl
639,0.792333775,1.666013476,761,1.466491077,Cyl
640,0.770348261,1.616257378,648,1.336888988,Cyl
641,0.832057297,1.790633633,796,1.764287861,Cyl
642,0.805837039,1.722435992,524,1.575495618,Cyl
643,0.928379682,1.948477121,862,2.115244192,Cyl
644,0.908638205,1.885864959,720,2.073845269,Cyl
645,0.864986482,1.835198592,668,1.881921335,Cyl
646,0.804993673,1.733083583,693,1.611742589,Cyl
647,0.755715095,1.488267721,590,1.294351223,Cyl
648,0.772284294,1.510485434,861,1.284517377,Cyl
649,0.774051252,1.504331086,847,1.343465671,Cyl
650,0.757639782,1.548550972,742,1.412616752,Cyl
651,0.866156062,1.863434229,836,1.957817959,Cyl
652,0.967872836,2.108734683,985,2.425189868,Cyl
653,0.926537,2.125060019,756,2.358268868,Cyl
654,0.928456345,2.138271392,664,2.5340041,Cyl
655,0.87268382,1.870189062,821,1.98587464,Cyl
656,0.898989489,1.950922043,762,2.029865852,Cyl
657,0.868815651,1.873019997,1055,1.841057944,Cyl
658,0.758099015,1.5737987,636,1.393248813,Cyl
659,0.814026025,1.674537367,760,1.593348538,Cyl
660,0.843952602,1.708786919,621,1.618911786,Cyl
661,0.863490183,1.745027388,967,1.832491392,Cyl
662,0.770411962,1.493440728,642,1.308840128,Cyl
663,0.791533011,1.675976829,672,1.55866629,Cyl
664,0.802700401,1.640101086,1001,1.433794623,Cyl
665,0.883006687,1.871138115,714,1.95615649,Cyl
666,0.758225972,1.630242213,686,1.410755033,Cyl
667,0.77251967,1.652801406,398,1.581867792,Cyl
668,0.717056583,1.40865635,716,1.208286048,Cyl
669,0.778227416,1.52356979,710,1.451137847,Cyl
670,0.85816071,1.662333201,583,1.692212326,Cyl
671,0.792631561,1.571076247,544,1.381056217,Cyl
672,0.766411948,1.579886006,734,1.351942888,Cyl
673,0.830963792,1.715674788,627,1.685698125,Cyl
674,0.84470758,1.836690201,1048,1.985027454,Cyl
675,0.718633256,1.58280974,708,1.406873184,Cyl
676,0.7803866,1.603499786,540,1.655931898,Cyl
677,0.761519485,1.562480492,516,1.463514141,Cyl
678,0.771520689,1.6176733,678,1.539233994,Cyl
679,0.773533206,1.516361017,769,1.32974438,Cyl
680,0.802252091,1.81544237,735,1.730917515,Cyl
681,0.800238803,1.735146458,788,1.55096027,Cyl
682,0.812857912,1.727651559,757,1.584003893,Cyl
683,0.777959876,1.609553674,714,1.431602654,Cyl
684,0.822989705,1.890865711,766,1.856227029,Cyl
685,0.865499288,1.958338099,776,1.963253824,Cyl
686,0.827212061,1.753862461,1000,1.568156012,Cyl
687,0.811011117,1.748780037,998,1.48489431,Cyl
688,0.816654035,1.83803815,486,1.773449515,Cyl
689,0.793601965,1.683340421,786,1.477174294,Cyl
690,0.983646923,2.128669719,829,2.526179001,Cyl
691,0.876698514,1.966900685,1076,1.940368104,Cyl
692,0.93469746,2.158719704,784,2.425249783,Cyl
693,0.980731978,2.274488975,914,2.547189562,Cyl
694,0.895028733,1.912714525,765,1.919115871,Cyl
695,0.822297356,1.706755118,664,1.586679326,Cyl
696,0.836505051,1.806065718,858,1.752187295,Cyl
697,0.834868094,1.808743313,806,1.722888097,Cyl
698,0.87070032,1.943854686,828,1.964047204,Cyl
699,0.858811517,1.822920411,858,1.759442792,Cyl
700,0.814050783,1.892184401,875,1.78606696,Cyl
701,0.451359075,0.610642218,298,0.289762078,hook
702,0.417724804,0.427329258,332,0.168080527,hook
703,0.402510986,0.429407943,162,0.159568188,hook
704,0.468199942,0.649455126,210,0.378565178,hook
705,0.434325455,0.504108227,284,0.256642162,hook
706,0.432311714,0.519217511,218,0.216172048,hook
707,0.425362632,0.471798331,346,0.195334623,hook
708,0.508236211,0.690652189,388,0.406687375,hook
709,0.448294779,0.617341761,222,0.30935361,hook
710,0.374957365,0.365834077,176,0.130346268,hook
711,0.365559836,0.359548015,150,0.124881988,hook
712,0.424563789,0.60015427,234,0.315302965,hook
713,0.465646673,0.843112233,406,0.477078879,hook
714,0.391561122,0.432963364,150,0.178495865,hook
715,0.402385117,0.442216834,222,0.171656473,hook
716,0.38388492,0.354037887,231,0.115890588,hook
717,0.41768332,0.517478826,204,0.200606495,hook
718,0.439988987,0.639841407,220,0.303388584,hook
719,0.411358386,0.444552469,264,0.173185248,hook
720,0.440066627,0.583577776,296,0.259685247,hook
721,0.414011546,0.623666346,292,0.278197579,hook
722,0.492655634,0.61606004,346,0.304887626,hook
723,0.375988012,0.467843904,192,0.175917118,hook
724,0.427288153,0.550025777,220,0.234782036,hook
725,0.432737456,0.60931549,264,0.253227637,hook
726,0.503932887,0.736449768,496,0.408015644,hook
727,0.48202499,0.575112361,376,0.269090566,hook
728,0.468919159,0.595680585,354,0.291603155,hook
729,0.473239684,0.654505163,371,0.328937737,hook
730,0.450649132,0.564324977,318,0.237450355,hook
731,0.404777949,0.451533569,212,0.214979613,hook
732,0.488054083,0.717927434,416,0.392096981,hook
733,0.428838702,0.44143616,320,0.172464359,hook
734,0.489605332,0.651555875,387,0.310785554,hook
735,0.440464134,0.705624185,244,0.397046316,hook
736,0.474283421,0.639468268,484,0.316193407,hook
737,0.429653544,0.487330188,290,0.207064879,hook
738,0.473044236,0.611818401,170,0.302152791,hook
739,0.709551367,1.3945797,538,1.450018621,hook
740,0.537336102,0.797210531,364,0.556983994,hook
741,0.462693396,0.559410955,334,0.248121724,hook
742,0.471184221,0.645436117,410,0.275537959,hook
743,0.471504925,0.719590864,368,0.370507206,hook
744,0.484578918,0.598033573,372,0.290056383,hook
745,0.494372121,0.760899936,391,0.425788684,hook
746,0.403364695,0.464358245,188,0.169969991,hook
747,0.4523948,0.613614743,320,0.296364745,hook
748,0.444312743,0.651306229,262,0.33186912,hook
749,0.512408401,0.65116767,374,0.308812524,hook
750,0.58662069,0.883533473,520,0.582894505,hook
751,0.601768068,0.944513822,512,0.640801038,hook
752,0.540269883,0.757860954,508,0.41166122,hook
753,0.573283086,0.92669952,558,0.591765092,hook
754,0.481866431,0.678673874,374,0.340638701,hook
755,0.613617414,1.016142316,508,0.799563524,hook
756,0.551387541,0.817353432,474,0.442366607,hook
757,0.705440353,1.418869903,704,1.198665509,hook
758,0.67462022,1.286258701,669,1.165291959,hook
759,0.644771584,1.24689863,636,0.998169929,hook
760,0.60619161,1.129960662,534,0.986952838,hook
761,0.518303885,0.896015062,346,0.672475494,hook
762,0.364195181,0.351187688,150,0.124058974,hook
763,0.454343974,0.58717168,320,0.231463675,hook
764,0.554367365,0.866086946,440,0.48400427,hook
765,0.412886977,0.526851785,248,0.227608719,hook
766,0.453209962,0.565980134,278,0.243020222,hook
767,0.512512307,0.871818228,500,0.51283477,hook
768,0.521738414,0.776696706,394,0.451381881,hook
769,0.524281552,0.799489813,482,0.452273999,hook
770,0.512707271,0.788937583,446,0.407359937,hook
771,0.540497039,0.916370385,330,0.554281469,hook
772,0.487060776,0.723282309,284,0.480096665,hook
773,0.551076183,0.893757315,451,0.733618393,hook
774,0.447254823,0.574849741,290,0.258435751,hook
775,0.473508978,0.838632781,336,0.551764205,hook
776,0.508478153,0.732336435,296,0.468188649,hook
777,0.471519623,0.666050546,359,0.330418629,hook
778,0.533847661,0.942265628,378,0.921312498,hook
779,0.492999458,0.719343069,410,0.411117233,hook
780,0.496282315,0.82321074,378,0.455657498,hook
781,0.500671802,0.80564391,296,0.475772746,hook
782,0.484849689,0.735180613,380,0.38966723,hook
783,0.555391694,0.872050025,339,0.59286984,hook
784,0.549273882,1.011324091,448,0.85354456,hook
785,0.53015446,1.023517505,425,0.950999806,hook
786,0.515507318,0.839704279,438,0.635348435,hook
787,0.497349041,0.893106643,236,0.757734005,hook
788,0.475847322,0.793977198,358,0.564058197,hook
789,0.471407369,0.882131523,196,0.637488722,hook
790,0.484192335,0.806143219,414,0.513167013,hook
791,0.484201262,0.721840716,375,0.486256406,hook
792,0.493344878,0.675325566,384,0.375995805,hook
793,0.4887903,0.790864277,388,0.455474634,hook
794,0.512497293,0.895557626,328,0.579934707,hook
795,0.464657031,0.652227209,322,0.303414119,hook
796,0.448946997,0.556952846,330,0.271563177,hook
797,0.526950427,0.976160499,394,0.776474245,hook
798,0.459087859,0.745911925,274,0.468267677,hook
799,0.512915051,0.862824063,388,0.671235109,hook
800,0.492541587,0.636885579,393,0.314235914,hook
801,0.444005658,0.500961416,153,0.168447821,lat
802,0.409300905,0.477374808,184,0.153996194,lat
803,0.460220595,0.541060839,502,0.190156248,lat
804,0.458586464,0.564899649,222,0.211560954,lat
805,0.445003352,0.50201613,294,0.172533142,lat
806,0.437056271,0.551985874,336,0.188918658,lat
807,0.455191309,0.563369224,532,0.202754248,lat
808,0.513223256,0.664397544,293,0.270026555,lat
809,0.471474977,0.581145224,310,0.217672442,lat
810,0.433644485,0.494211404,282,0.176698551,lat
811,0.384666712,0.379052515,66,0.107556922,lat
812,0.423205225,0.477651349,190,0.15130434,lat
813,0.419859236,0.508313923,217,0.167161965,lat
814,0.397465731,0.459458323,220,0.140871311,lat
815,0.432145325,0.515502867,206,0.175421853,lat
816,0.490358082,0.61905924,194,0.24059726,lat
817,0.475355213,0.629847532,232,0.244274121,lat
818,0.50698265,0.744348618,354,0.369614546,lat
819,0.48703531,0.656163726,338,0.259059327,lat
820,0.453320709,0.57400239,284,0.215218052,lat
821,0.479108016,0.64520062,356,0.24990744,lat
822,0.515523051,0.724896859,346,0.303948258,lat
823,0.504531343,0.726045848,404,0.30974671,lat
824,0.505248916,0.696647056,266,0.293053639,lat
825,0.479363729,0.66054714,330,0.259561272,lat
826,0.500031295,0.648973467,336,0.256178035,lat
827,0.465643999,0.609164787,386,0.225384288,lat
828,0.509336028,0.704765212,162,0.28056709,lat
829,0.429680505,0.537884212,466,0.178606397,lat
830,0.397724398,0.452683577,218,0.132037252,lat
831,0.443340149,0.537367753,290,0.188509694,lat
832,0.468196387,0.646104757,379,0.26250469,lat
833,0.450459177,0.568209927,374,0.215989709,lat
834,0.473627238,0.614471481,258,0.213957903,lat
835,0.468048511,0.613526713,278,0.229656627,lat
836,0.43442296,0.517314865,286,0.178574647,lat
837,0.450731229,0.552289976,272,0.204921934,lat
838,0.489772701,0.684099572,506,0.272746708,lat
839,0.404366711,0.432928054,112,0.12509601,lat
840,0.473391146,0.603608626,348,0.217515987,lat
841,0.48498956,0.63795368,370,0.240595195,lat
842,0.477046434,0.607043177,452,0.220761086,lat
843,0.446089799,0.549682791,394,0.193057229,lat
844,0.485732835,0.656724927,465,0.251410205,lat
845,0.498948039,0.717438791,388,0.297583609,lat
846,0.432364249,0.535068259,309,0.168459914,lat
847,0.455302087,0.551919628,326,0.195602032,lat
848,0.478942896,0.635217553,396,0.251999968,lat
849,0.510843842,0.720557495,604,0.298078947,lat
850,0.508957316,0.707775195,464,0.27242874,lat
851,0.508649199,0.729978738,458,0.293871615,lat
852,0.478696803,0.664166866,383,0.256139953,lat
853,0.495519218,0.665315249,298,0.279681056,lat
854,0.379627635,0.435935474,172,0.126411864,lat
855,0.408358946,0.454429707,218,0.143777202,lat
856,0.379079177,0.381646159,50,0.103004725,lat
857,0.395478331,0.42773479,138,0.130120781,lat
858,0.385585,0.391108123,164,0.114108097,lat
859,0.338085913,0.272787148,68,0.063822446,lat
860,0.425672195,0.504331025,336,0.169508509,lat
861,0.45019728,0.534678491,258,0.181008432,lat
862,0.47885743,0.69951285,418,0.329401163,lat
863,0.481914634,0.646765326,504,0.241272588,lat
864,0.475659994,0.648454947,330,0.266621735,lat
865,0.463468498,0.568118178,364,0.205211902,lat
866,0.386665663,0.395365931,138,0.113317567,lat
867,0.426237489,0.522488938,260,0.186673162,lat
868,0.390938954,0.404579974,156,0.111902808,lat
869,0.443804603,0.528627412,304,0.178665084,lat
870,0.434997891,0.545289133,312,0.187616542,lat
871,0.495802525,0.717687315,334,0.311836164,lat
872,0.450137861,0.548898766,318,0.187641116,lat
873,0.464258435,0.573249169,444,0.218489392,lat
874,0.466746501,0.57024775,476,0.214997858,lat
875,0.475548579,0.588531299,242,0.230918936,lat
876,0.488483409,0.639354057,562,0.259595724,lat
877,0.46249356,0.589778025,492,0.220078843,lat
878,0.450311278,0.539723707,244,0.186005211,lat
879,0.441664469,0.51419699,320,0.175590943,lat
880,0.53499605,0.756383987,392,0.343330203,lat
881,0.458167082,0.573560773,242,0.219695119,lat
882,0.398307479,0.440997863,302,0.136985922,lat
883,0.433172506,0.488683714,284,0.158484825,lat
884,0.45119861,0.542478552,448,0.191653336,lat
885,0.458344413,0.579081829,222,0.224269448,lat
886,0.47479151,0.596015111,376,0.226124778,lat
887,0.530846108,0.797808708,246,0.368818118,lat
888,0.439088546,0.537382279,426,0.188496891,lat
889,0.463864667,0.563625611,290,0.202365503,lat
890,0.45803107,0.580779448,222,0.207996494,lat
891,0.489549886,0.637722264,450,0.245993863,lat
892,0.472342612,0.591941443,428,0.220582772,lat
893,0.459422131,0.623163666,374,0.219695784,lat
894,0.455743796,0.568270633,328,0.201884253,lat
895,0.412655317,0.428349516,230,0.129590815,lat
896,0.454732538,0.599975098,336,0.237694291,lat
897,0.439960218,0.522363794,214,0.178473058,lat
898,0.504566602,0.688609166,424,0.297385054,lat
899,0.495628914,0.694070108,377,0.277493296,lat
900,0.448313085,0.526176597,436,0.181696405,lat
901,0.522677698,0.743968135,534,0.308838879,palm
902,0.474408468,0.661763395,284,0.255835277,palm
903,0.555840561,0.82423958,430,0.383710164,palm
904,0.488001832,0.634299524,284,0.248853983,palm
905,0.518200511,0.744062651,462,0.320283204,palm
906,0.495781545,0.701610891,438,0.291213022,palm
907,0.536810331,0.750644745,588,0.343415969,palm
908,0.513228672,0.705245763,334,0.29718828,palm
909,0.477412372,0.662606238,358,0.278702628,palm
910,0.562415802,0.811230602,516,0.41387074,palm
911,0.496664862,0.654361324,436,0.275788172,palm
912,0.501828373,0.692323603,442,0.285647747,palm
913,0.498300946,0.710466119,554,0.290158265,palm
914,0.527801766,0.798610447,441,0.354447976,palm
915,0.518342536,0.767591896,442,0.317236361,palm
916,0.519850715,0.780185742,478,0.334673739,palm
917,0.579885297,0.967403279,605,0.514138374,palm
918,0.593990383,1.011092086,548,0.569244773,palm
919,0.577306359,0.94603037,554,0.465185244,palm
920,0.587940441,0.962473049,584,0.503505728,palm
921,0.550074151,0.947522355,513,0.458723843,palm
922,0.555404015,0.859251865,632,0.452958314,palm
923,0.694265251,1.318630958,663,1.030383785,palm
924,0.606665723,0.926301072,576,0.524940648,palm
925,0.571320391,0.880567718,576,0.483383356,palm
926,0.502361907,0.744311612,376,0.36039665,palm
927,0.470159467,0.674934326,446,0.279952011,palm
928,0.487102989,0.732980749,356,0.395960045,palm
929,0.454961171,0.607976825,354,0.251773407,palm
930,0.538406796,0.802859339,518,0.422539037,palm
931,0.545773451,0.843447623,390,0.458777085,palm
932,0.557083746,0.803602248,464,0.413290262,palm
933,0.500148926,0.716864509,432,0.336646873,palm
934,0.508256714,0.747253716,472,0.34327988,palm
935,0.49024902,0.665258692,420,0.311284236,palm
936,0.521977292,0.754742769,444,0.374782977,palm
937,0.494245144,0.637565533,411,0.291382609,palm
938,0.521757383,0.666146342,380,0.319791324,palm
939,0.474007315,0.669133356,288,0.366641198,palm
940,0.503237633,0.68128692,460,0.316176244,palm
941,0.500767637,0.666088473,342,0.359519255,palm
942,0.443253814,0.506955737,376,0.210457463,palm
943,0.454188228,0.580225087,320,0.267564783,palm
944,0.526215161,0.758214461,332,0.47977653,palm
945,0.470466834,0.564778558,396,0.23619378,palm
946,0.473453275,0.598678648,280,0.305880208,palm
947,0.49022883,0.608572519,350,0.276130489,palm
948,0.436801637,0.529767491,304,0.222867922,palm
949,0.391642667,0.43617334,186,0.14690637,palm
950,0.450651475,0.59186209,331,0.276346015,palm
951,0.463403354,0.564242891,308,0.248436886,palm
952,0.4879795,0.610188309,374,0.267352956,palm
953,0.528006737,0.760280202,304,0.375283675,palm
954,0.536233018,0.781309928,466,0.40533186,palm
955,0.518377817,0.707110465,394,0.350372546,palm
956,0.546416863,0.813147395,546,0.496821345,palm
957,0.459378123,0.525555511,296,0.196460153,palm
958,0.455226443,0.613083431,238,0.280442977,palm
959,0.457280104,0.563870683,310,0.262551593,palm
960,0.542664286,0.759501718,382,0.400866166,palm
961,0.425484168,0.486851666,376,0.174884637,palm
962,0.436287666,0.562631191,294,0.24073391,palm
963,0.493884335,0.700906281,338,0.372277055,palm
964,0.464965663,0.64753374,456,0.283099932,palm
965,0.434168049,0.531811128,196,0.228530842,palm
966,0.42570159,0.523498052,404,0.195606013,palm
967,0.429938662,0.55316565,440,0.221451302,palm
968,0.403823904,0.471783137,188,0.181458699,palm
969,0.443884388,0.686092242,364,0.337563583,palm
970,0.45758266,0.623017001,348,0.28625459,palm
971,0.457735169,0.667672613,368,0.337111794,palm
972,0.403259974,0.478829194,344,0.169200451,palm
973,0.461355102,0.592335906,402,0.269085488,palm
974,0.449790132,0.627736385,338,0.285106073,palm
975,0.509387339,0.872552921,409,0.593445057,palm
976,0.450329069,0.62507139,224,0.298838043,palm
977,0.441275397,0.636436563,242,0.290097041,palm
978,0.446018889,0.583549094,278,0.303012219,palm
979,0.416057902,0.545249292,318,0.214427774,palm
980,0.426888702,0.531807952,284,0.213189051,palm
981,0.419841469,0.497731447,278,0.20205099,palm
982,0.432926217,0.572779634,230,0.273989032,palm
983,0.455328271,0.6511625,334,0.283363366,palm
984,0.419411256,0.495451014,188,0.19861671,palm
985,0.446192223,0.52708662,300,0.225899845,palm
986,0.500258241,0.601096709,290,0.291210324,palm
987,0.461132359,0.51463084,338,0.211966791,palm
988,0.534132826,0.771493912,472,0.493283838,palm
989,0.485049125,0.626898885,407,0.299186233,palm
990,0.515820254,0.675253002,452,0.327162345,palm
991,0.438228745,0.488363988,242,0.214345611,palm
992,0.342550532,0.321361445,70,0.100191162,palm
993,0.373280084,0.353275143,154,0.112140033,palm
994,0.421760731,0.472366658,338,0.158632027,palm
995,0.405238349,0.409641062,198,0.136219261,palm
996,0.385290115,0.363419907,130,0.118940775,palm
997,0.364033369,0.330950792,84,0.101335519,palm
998,0.376828784,0.382886987,166,0.119821993,palm
999,0.368583955,0.319334734,94,0.103366933,palm
1000,0.585357666,0.887229311,580,0.469839323,palm
1001,0.704935887,1.326396312,728,1.002754499,spher
1002,0.774252244,1.43482216,769,1.218856772,spher
1003,0.792431206,1.555001645,710,1.389879784,spher
1004,0.821944681,1.708590043,773,1.656937665,spher
1005,0.72112772,1.342222993,714,1.179280703,spher
1006,0.838967635,1.631583518,734,1.703086076,spher
1007,0.724374367,1.294981681,556,1.07130039,spher
1008,0.739096292,1.399718931,676,1.299547064,spher
1009,0.675897706,1.235728879,553,1.067494213,spher
1010,0.645234745,1.152161743,602,0.863234031,spher
1011,0.664403023,1.221851511,621,0.950918841,spher
1012,0.680110248,1.178918276,606,1.007636352,spher
1013,0.626515918,1.081084387,722,0.804115608,spher
1014,0.567968619,0.920938211,554,0.541325599,spher
1015,0.601297563,0.982330736,561,0.572904485,spher
1016,0.737860606,1.328219101,700,1.212088845,spher
1017,0.597540951,1.01052324,654,0.587515852,spher
1018,0.660846027,1.146518814,592,0.884055068,spher
1019,0.621585662,1.032902835,642,0.711464748,spher
1020,0.665323484,1.160662516,691,1.044340803,spher
1021,0.745848491,1.32602972,626,1.235320727,spher
1022,0.633442982,1.09386659,588,0.794655783,spher
1023,0.614945648,1.024963436,554,0.728653934,spher
1024,0.609323854,0.988130026,572,0.679043837,spher
1025,0.651000673,1.149118798,599,0.812067258,spher
1026,0.628071565,1.078276822,626,0.762937146,spher
1027,0.620378192,1.057524581,632,0.761926804,spher
1028,0.593296441,1.012361397,465,0.631010906,spher
1029,0.577963676,0.955554399,540,0.624624333,spher
1030,0.646817169,1.113024438,570,0.822423861,spher
1031,0.782840268,1.520964298,1010,1.690153425,spher
1032,0.804729839,1.658444682,402,1.664194238,spher
1033,0.642644638,1.165437166,634,0.840138644,spher
1034,0.654099556,1.174967371,713,0.877395286,spher
1035,0.722395,1.446990422,668,1.204340751,spher
1036,0.780053591,1.632954942,734,1.565317475,spher
1037,0.751985922,1.393567621,660,1.260406783,spher
1038,0.584157583,0.937505943,522,0.605459638,spher
1039,0.602397582,1.056685455,515,0.708684341,spher
1040,0.623827877,1.115881794,650,0.806587237,spher
1041,0.710042838,1.324610063,698,1.184590791,spher
1042,0.682928123,1.319756052,574,1.084607878,spher
1043,0.582690516,0.985960469,604,0.602756939,spher
1044,0.674320592,1.198057973,663,1.02569857,spher
1045,0.587605913,1.005745964,528,0.674307983,spher
1046,0.640087523,1.1318057,598,0.786820799,spher
1047,0.686720032,1.423051882,654,1.215714284,spher
1048,0.738471613,1.489107023,707,1.322945633,spher
1049,0.69560234,1.355660321,594,1.037915671,spher
1050,0.733240382,1.492656689,742,1.282281817,spher
1051,0.711842878,1.357564048,740,1.085428292,spher
1052,0.778126647,1.501706312,486,1.412872399,spher
1053,0.707138722,1.44431038,680,1.219650336,spher
1054,0.660543392,1.164312662,644,0.841735223,spher
1055,0.633208295,1.155114776,548,0.770054533,spher
1056,0.711740629,1.320302866,680,1.168582641,spher
1057,0.582601964,1.0227582,462,0.611559971,spher
1058,0.585885658,0.976196577,528,0.583190073,spher
1059,0.579476805,0.958463087,489,0.578383939,spher
1060,0.598875527,0.983675292,470,0.620295865,spher
1061,0.60387428,0.940036092,490,0.597881803,spher
1062,1.081243466,2.331315697,1084,3.288278393,spher
1063,0.890868746,1.881232224,886,1.97589386,spher
1064,0.820876021,1.776154106,871,1.826579863,spher
1065,0.925725566,1.863846155,769,2.120915176,spher
1066,0.802997517,1.583018736,783,1.493983593,spher
1067,0.784599944,1.623757752,937,1.522909773,spher
1068,0.684856768,1.284852302,636,0.957543786,spher
1069,0.685331012,1.394654572,662,1.172670685,spher
1070,0.679907017,1.297298571,636,0.91610622,spher
1071,0.752182389,1.467696828,964,1.299356666,spher
1072,0.727626817,1.454544787,729,1.161228358,spher
1073,0.629300485,1.19291536,642,0.799495685,spher
1074,0.613366545,1.043947501,434,0.687264087,spher
1075,0.647219706,1.141883498,594,0.809447226,spher
1076,0.616534334,1.037530777,470,0.790657265,spher
1077,0.619830844,1.01252442,690,0.666170856,spher
1078,0.568200583,0.917727246,534,0.523421569,spher
1079,0.608648139,1.009057694,472,0.696480077,spher
1080,0.561302914,0.896629088,528,0.497690383,spher
1081,0.568189358,0.927181758,506,0.566468798,spher
1082,0.568679289,0.874587179,522,0.560973744,spher
1083,0.58125662,0.988880813,838,0.651464287,spher
1084,0.585750261,0.951814639,504,0.665892134,spher
1085,0.553661466,0.852432832,542,0.541523842,spher
1086,0.624026209,1.039734104,696,0.762701073,spher
1087,0.569410097,0.947298464,388,0.571679393,spher
1088,0.596936703,0.96102078,582,0.616169794,spher
1089,0.554503146,0.820733966,638,0.438569485,spher
1090,0.545710498,0.847116536,441,0.493562425,spher
1091,0.603478267,1.044024573,580,0.731544785,spher
1092,0.707214445,1.232023917,548,1.032172212,spher
1093,0.7211395,1.356885,732,1.103924094,spher
1094,0.650565767,1.247478923,598,0.895228421,spher
1095,0.640670815,1.258015144,571,0.877055315,spher
1096,0.638384071,1.169039189,592,0.827884765,spher
1097,0.965306936,2.09142481,904,2.409127467,spher
1098,0.920630594,1.819611855,793,1.945065563,spher
1099,0.905341864,1.809873019,716,1.828853602,spher
1100,0.830254633,1.769230964,786,1.634693905,spher
1101,0.503707611,0.649851606,408,0.27847475,tip
1102,0.473583606,0.612257548,410,0.245594835,tip
1103,0.479412483,0.615338911,440,0.247832328,tip
1104,0.462056245,0.610714084,270,0.249849441,tip
1105,0.479516011,0.627336819,367,0.256229523,tip
1106,0.503768729,0.743367783,402,0.373973685,tip
1107,0.534389168,0.783392582,460,0.399337336,tip
1108,0.553982113,0.909221649,424,0.564017921,tip
1109,0.553229292,0.863064679,733,0.518493962,tip
1110,0.54568252,0.898457392,500,0.570937737,tip
1111,0.558486527,0.947718946,425,0.570652679,tip
1112,0.457893869,0.548353616,184,0.210701811,tip
1113,0.421608165,0.48803702,224,0.169203249,tip
1114,0.454396473,0.614875,286,0.243463512,tip
1115,0.389328524,0.418978079,140,0.139706262,tip
1116,0.430454367,0.515445189,266,0.179727958,tip
1117,0.403344761,0.594566414,174,0.238236019,tip
1118,0.398879599,0.452367705,326,0.159585417,tip
1119,0.421012571,0.581501223,229,0.239585899,tip
1120,0.395136133,0.442096952,148,0.140914307,tip
1121,0.387366604,0.420186634,180,0.141830639,tip
1122,0.404684068,0.460805957,228,0.158093944,tip
1123,0.395410669,0.45384549,280,0.138176667,tip
1124,0.378613129,0.415696313,198,0.146437458,tip
1125,0.416856297,0.482587019,250,0.185149732,tip
1126,0.386189279,0.398964131,172,0.131997211,tip
1127,0.360508336,0.384293638,126,0.11295614,tip
1128,0.366324446,0.378042819,148,0.107828708,tip
1129,0.368834091,0.372231568,164,0.104620725,tip
1130,0.38567881,0.393004743,134,0.134589308,tip
1131,0.409837686,0.504130296,336,0.170202406,tip
1132,0.387377659,0.474645772,266,0.170805698,tip
1133,0.412586976,0.501075502,164,0.189965079,tip
1134,0.432208677,0.650840159,296,0.262769056,tip
1135,0.419960947,0.547516112,220,0.261543202,tip
1136,0.386413137,0.422421915,150,0.128945984,tip
1137,0.366693466,0.380558582,157,0.1225407,tip
1138,0.461407731,0.686827348,266,0.384471754,tip
1139,0.455832641,0.778655278,254,0.448944705,tip
1140,0.519453655,0.804224192,488,0.410863628,tip
1141,0.456024042,0.597791711,314,0.246020174,tip
1142,0.422049521,0.565522704,262,0.213575041,tip
1143,0.439868101,0.60042971,300,0.277185505,tip
1144,0.415695029,0.533294723,272,0.200118194,tip
1145,0.441006912,0.533444842,307,0.217526952,tip
1146,0.457601296,0.665759038,266,0.290476983,tip
1147,0.410591865,0.486522088,242,0.163482347,tip
1148,0.450829894,0.595142113,290,0.22190391,tip
1149,0.427842144,0.597930473,268,0.237977981,tip
1150,0.444340513,0.609477663,272,0.271930913,tip
1151,0.421594658,0.534824663,242,0.232874866,tip
1152,0.413879757,0.501874291,136,0.193224429,tip
1153,0.437676313,0.586563263,202,0.268120885,tip
1154,0.414954184,0.522426824,216,0.194188549,tip
1155,0.376683861,0.451571546,184,0.171665993,tip
1156,0.381305972,0.407017571,132,0.130543722,tip
1157,0.504840657,0.722620115,367,0.317412521,tip
1158,0.476542848,0.622687396,366,0.256291903,tip
1159,0.42228975,0.536237003,266,0.201231177,tip
1160,0.454011281,0.602038753,294,0.249578097,tip
1161,0.529918557,0.996335031,438,0.642562245,tip
1162,0.450723629,0.560016626,336,0.214261961,tip
1163,0.451165796,0.63734469,266,0.263434299,tip
1164,0.412803041,0.53092591,188,0.174938494,tip
1165,0.370493649,0.467829135,172,0.156403278,tip
1166,0.404327673,0.489234294,188,0.159017485,tip
1167,0.417600794,0.565486215,170,0.206656913,tip
1168,0.40615626,0.481079415,144,0.162969177,tip
1169,0.391264775,0.532922697,206,0.19763744,tip
1170,0.432826025,0.608196353,218,0.2641056,tip
1171,0.46862827,0.605674855,284,0.270538137,tip
1172,0.400110073,0.546599093,204,0.199529629,tip
1173,0.414478904,0.528472304,216,0.207154628,tip
1174,0.417116119,0.547694924,284,0.18051713,tip
1175,0.46059623,0.660251282,272,0.335369316,tip
1176,0.412614166,0.453347746,250,0.1542199,tip
1177,0.41298972,0.576929161,266,0.217775899,tip
1178,0.430906034,0.593107962,226,0.226857007,tip
1179,0.440235655,0.53891662,326,0.20639365,tip
1180,0.415818429,0.594919493,176,0.222005617,tip
1181,0.428214622,0.540210781,244,0.202297225,tip
1182,0.419999004,0.67196004,232,0.318399101,tip
1183,0.473278578,0.650370412,358,0.291674971,tip
1184,0.36847389,0.48459676,100,0.188631628,tip
1185,0.39347583,0.474811094,130,0.154206459,tip
1186,0.419337179,0.558730243,177,0.205313666,tip
1187,0.379543251,0.411442868,202,0.134247147,tip
1188,0.408555996,0.446698865,244,0.146833587,tip
1189,0.419381967,0.652274343,178,0.30152188,tip
1190,0.411377572,0.506793132,254,0.177414246,tip
1191,0.393829045,0.454959659,192,0.153439013,tip
1192,0.454694545,0.663379536,362,0.296869316,tip
1193,0.497383122,0.851494606,496,0.380249537,tip
1194,0.458671604,0.623535536,446,0.230851459,tip
1195,0.500261507,0.822434831,288,0.388847627,tip
1196,0.507827863,0.74962097,482,0.330276069,tip
1197,0.467476596,0.725611241,276,0.314050713,tip
1198,0.431210145,0.554523204,272,0.197171988,tip
1199,0.53040287,0.769591083,418,0.372857898,tip
1200,0.570624217,0.822681129,152,0.475431211,tip
1201,1.017011741,2.480152887,750,2.962040973,Cyl
1202,1.081050547,2.833346907,866,3.721290855,Cyl
1203,1.089781081,2.699794311,963,3.422425913,Cyl
1204,1.141176438,2.982074129,742,4.341382144,Cyl
1205,1.187571543,2.993867218,1083,4.390627513,Cyl
1206,1.159361261,2.85092648,702,4.080107454,Cyl
1207,1.214413852,2.970580014,963,4.617536882,Cyl
1208,1.281461581,3.138582749,1150,5.011869434,Cyl
1209,1.134111496,2.719617239,1058,3.956858106,Cyl
1210,1.152866492,3.018838154,1018,4.846962912,Cyl
1211,1.136901381,2.908426657,961,4.11820275,Cyl
1212,1.136710047,2.81385919,741,4.139368369,Cyl
1213,1.156443615,3.005005714,1072,4.655464395,Cyl
1214,1.032602466,2.288707797,818,2.960400254,Cyl
1215,1.032726975,2.435340393,823,3.171285954,Cyl
1216,1.166277188,2.78641865,915,4.211592232,Cyl
1217,1.065160755,2.608190409,714,3.740983499,Cyl
1218,1.161095796,2.652612418,763,4.299448882,Cyl
1219,0.942944501,2.080725476,567,2.552355227,Cyl
1220,1.151292187,2.7463043,786,4.254577289,Cyl
1221,1.05387783,2.491363035,766,3.55323759,Cyl
1222,1.05984998,2.560804359,696,3.703795094,Cyl
1223,0.952154652,2.049904621,617,2.489921177,Cyl
1224,1.034777237,2.465305512,826,3.392200492,Cyl
1225,1.071161428,2.529055236,800,3.835509673,Cyl
1226,1.012111118,2.331935625,783,3.150990651,Cyl
1227,1.044843072,2.318945325,685,3.238220998,Cyl
1228,0.976874919,2.0720909,693,2.631286222,Cyl
1229,1.076590466,2.481990736,917,3.380251578,Cyl
1230,1.225005002,3.321135103,986,4.984513967,Cyl
1231,1.22814553,3.373133159,991,5.260524387,Cyl
1232,1.259193435,3.383022792,1130,5.319671061,Cyl
1233,1.162399128,3.297368807,962,4.864866474,Cyl
1234,1.298417167,3.655084075,986,7.07375257,Cyl
1235,1.158373953,3.079671281,1052,4.334661672,Cyl
1236,1.029979765,2.474943278,1163,2.977314223,Cyl
1237,0.998584777,2.517410641,1053,2.955939748,Cyl
1238,1.001029272,2.354844789,940,2.771022438,Cyl
1239,1.031274866,2.491711287,910,3.149086658,Cyl
1240,1.01207891,2.563946321,510,3.317016728,Cyl
1241,1.040429426,2.604980605,968,3.255841299,Cyl
1242,1.054300494,2.763712456,846,3.753077299,Cyl
1243,1.005854194,2.435202533,808,2.993364291,Cyl
1244,1.089649568,2.857775441,876,3.956066431,Cyl
1245,0.972039701,2.354482377,713,2.636510515,Cyl
1246,1.152078364,2.995476814,1091,4.279803482,Cyl
1247,1.176476677,3.100351494,1101,4.471445965,Cyl
1248,1.089247833,2.766003037,763,3.665599874,Cyl
1249,1.132663265,2.8588532,1076,3.995566734,Cyl
1250,1.006526362,2.427219106,956,2.983804747,Cyl
1251,1.053504736,2.554142855,730,3.264124135,Cyl
1252,1.165277284,2.83429063,1162,3.915012377,Cyl
1253,1.157268538,2.87805344,1114,3.950173948,Cyl
1254,1.208350243,3.161153768,996,4.882930815,Cyl
1255,1.216158934,3.018407932,1076,4.513084478,Cyl
1256,1.289849761,3.327475514,1087,5.717377597,Cyl
1257,1.189305615,2.883512349,1045,4.633598081,Cyl
1258,1.019960977,2.283739468,698,2.881453497,Cyl
1259,1.066121319,2.572074672,820,3.397413746,Cyl
1260,1.16482951,2.785248718,1047,4.288202642,Cyl
1261,1.096340585,2.809342424,763,4.04757435,Cyl
1262,1.138362463,3.008452398,1096,4.22170734,Cyl
1263,1.200299229,3.229170605,939,5.288234306,Cyl
1264,1.139269566,3.114181934,865,4.685658938,Cyl
1265,1.258673408,3.364925126,914,5.694636375,Cyl
1266,1.078991385,2.529420011,711,3.653186899,Cyl
1267,1.061976347,2.754374274,963,4.038124121,Cyl
1268,0.942077147,2.368436345,797,2.743167456,Cyl
1269,0.945164295,2.502396153,799,3.078373807,Cyl
1270,1.040208187,2.47350484,949,3.285345008,Cyl
1271,0.949899025,2.422666484,710,3.008936145,Cyl
1272,1.014226666,2.497483625,624,3.145875573,Cyl
1273,1.104312356,2.888877391,824,4.208756814,Cyl
1274,1.042493277,2.868570034,878,4.307206933,Cyl
1275,1.013828996,2.612793326,904,3.302055914,Cyl
1276,1.032472499,2.792378456,825,3.735075976,Cyl
1277,0.899179847,2.146587258,718,2.253268628,Cyl
1278,0.918947549,2.233171968,774,2.600054021,Cyl
1279,1.013831901,2.54647679,1089,3.401928917,Cyl
1280,0.967186724,2.508734455,854,3.099507243,Cyl
1281,1.038607228,2.690858119,733,3.496101816,Cyl
1282,1.013545594,2.601675481,655,3.3775989,Cyl
1283,1.083484212,3.046442316,924,4.205738028,Cyl
1284,1.083692856,2.918833661,956,4.046724634,Cyl
1285,0.983966713,2.465646818,902,3.004074417,Cyl
1286,1.029064396,2.533249409,1045,3.252455827,Cyl
1287,1.053940439,2.801085692,887,3.950499914,Cyl
1288,0.993251326,2.504818235,1099,3.08755299,Cyl
1289,1.099836783,2.88619613,769,4.162284753,Cyl
1290,1.170965483,2.949502656,634,4.291405718,Cyl
1291,1.169291426,2.891527878,1151,4.143253415,Cyl
1292,1.058946091,2.800883411,885,3.770684551,Cyl
1293,1.139777595,2.895948825,1198,3.981290733,Cyl
1294,1.186139346,3.060518065,969,4.383073112,Cyl
1295,1.012361488,2.713514685,776,3.294081466,Cyl
1296,1.057357216,2.895471851,656,3.974690565,Cyl
1297,0.980599581,2.556104158,884,3.015976313,Cyl
1298,0.945951677,2.374674993,941,2.498518672,Cyl
1299,1.005919483,2.550346662,983,3.15660282,Cyl
1300,1.129215641,2.834027899,1161,3.751479869,Cyl
1301,0.616283722,1.120869462,722,0.649260468,hook
1302,0.645848635,1.359226181,717,0.842313368,hook
1303,0.619560929,1.169694785,720,0.633654351,hook
1304,0.649896026,1.404367418,700,0.870634033,hook
1305,0.561063546,1.045306648,406,0.506103032,hook
1306,0.587023833,1.056338546,434,0.550614604,hook
1307,0.637099251,1.224679323,734,0.714763634,hook
1308,0.721124754,1.624863347,772,1.174686975,hook
1309,0.692716275,1.502375916,836,0.97818549,hook
1310,0.626795447,1.165579265,882,0.617243262,hook
1311,0.592170621,1.178320704,780,0.624815137,hook
1312,0.640283074,1.193742534,713,0.759624784,hook
1313,0.655369263,1.295923363,742,0.756180573,hook
1314,0.635480473,1.280822678,698,0.724439545,hook
1315,0.610312663,1.244266757,712,0.681484876,hook
1316,0.591364399,1.160740819,722,0.608656199,hook
1317,0.654043013,1.368495119,792,0.821407469,hook
1318,0.554132609,0.939254788,562,0.418394345,hook
1319,0.708553851,1.546090267,806,1.028647059,hook
1320,0.673607299,1.450723733,746,0.960119954,hook
1321,0.620936252,1.162053351,701,0.633009511,hook
1322,0.590875102,1.100855664,632,0.573730283,hook
1323,0.722846097,1.619748834,812,1.177217111,hook
1324,0.603243208,1.172666187,741,0.580933901,hook
1325,0.616959688,1.223953913,693,0.682744443,hook
1326,0.597442529,1.09633253,726,0.550569273,hook
1327,0.616996168,1.249407144,758,0.846691526,hook
1328,0.675555875,1.314162492,800,0.82644828,hook
1329,0.599951953,1.198326143,573,0.640237269,hook
1330,0.676140211,1.564820607,786,1.039247632,hook
1331,0.675691801,1.361191323,792,0.821491547,hook
1332,0.630725607,1.320351126,744,0.772161592,hook
1333,0.799086964,1.792672546,818,1.517227121,hook
1334,0.74112825,1.565491741,788,1.194251617,hook
1335,0.806352687,1.906935587,714,1.861861399,hook
1336,0.734654248,1.561713839,707,1.21381586,hook
1337,0.725749876,1.578612061,806,1.203115987,hook
1338,0.745512818,1.620949534,828,1.262132357,hook
1339,0.749101098,1.652688826,754,1.35016638,hook
1340,0.725030538,1.530812157,814,1.140590011,hook
1341,0.729732299,1.455247741,689,1.091866,hook
1342,1.006786595,2.625269846,872,3.356720803,hook
1343,0.765612228,1.698133762,758,1.415018512,hook
1344,0.8613021,2.089023616,832,2.093477406,hook
1345,0.709424279,1.506167286,746,1.078254279,hook
1346,0.785460521,1.746735977,814,1.412711215,hook
1347,0.798922508,1.744469682,830,1.469347029,hook
1348,0.834325506,1.840021627,928,1.617484092,hook
1349,0.749044774,1.546415866,812,1.275436936,hook
1350,0.710240211,1.42903499,782,1.071304686,hook
1351,0.703168009,1.425621312,695,1.044711426,hook
1352,0.683171764,1.31063927,782,0.890622806,hook
1353,0.803315846,1.814723244,802,1.632075136,hook
1354,0.83056951,1.917283523,900,1.686753315,hook
1355,0.762814618,1.708238502,805,1.395867655,hook
1356,0.639294093,1.20781808,570,0.722137358,hook
1357,0.663473192,1.238903236,680,0.886769853,hook
1358,0.847312679,1.956936906,826,1.844554781,hook
1359,0.688133176,1.45794796,716,1.080248763,hook
1360,0.730026898,1.567269545,710,1.241203358,hook
1361,0.723468603,1.505681504,620,1.201652546,hook
1362,0.730693836,1.56645157,726,1.195986555,hook
1363,0.764547363,1.598893433,836,1.276549992,hook
1364,0.748402359,1.661558084,810,1.247911897,hook
1365,0.641969081,1.226570393,654,0.821948368,hook
1366,0.649021087,1.210365326,719,0.725787695,hook
1367,0.690534668,1.480305083,826,1.080609012,hook
1368,0.723941784,1.657573885,810,1.274216678,hook
1369,0.653462286,1.288610556,693,0.843493689,hook
1370,0.693600047,1.476106859,724,0.977148204,hook
1371,0.676662949,1.320217875,698,0.920007321,hook
1372,0.694448409,1.455799392,680,1.049970384,hook
1373,0.651262772,1.39183104,696,0.861517457,hook
1374,0.761025766,1.655033717,1013,1.188276303,hook
1375,0.693792214,1.508321081,832,1.012740876,hook
1376,0.714531328,1.542094735,811,1.093692692,hook
1377,0.759159445,1.677379574,833,1.375079757,hook
1378,0.792888276,2.035254738,896,1.873973928,hook
1379,0.707330468,1.5460032,790,1.105302256,hook
1380,0.714054553,1.564189663,802,1.072200218,hook
1381,0.618183158,1.238409576,564,1.047420753,hook
1382,0.742633134,1.854770592,904,1.379405861,hook
1383,0.708414701,1.448663896,770,0.950003351,hook
1384,0.664473026,1.376627768,742,0.854825228,hook
1385,0.711678796,1.535392081,790,1.036709343,hook
1386,0.639322814,1.322388221,664,0.863931755,hook
1387,0.693677128,1.530910495,779,1.054248295,hook
1388,0.665194751,1.435540193,741,0.982284712,hook
1389,0.56008321,0.970752429,524,0.484303741,hook
1390,0.69660535,1.540088582,720,1.025179313,hook
1391,0.661112173,1.304302322,750,0.76076736,hook
1392,0.599400435,1.158923697,708,0.621392683,hook
1393,0.693270713,1.42145913,767,0.853986881,hook
1394,0.652825004,1.486757995,702,0.947118898,hook
1395,0.658061009,1.447959032,754,0.862641435,hook
1396,0.745230369,1.735798585,850,1.290338382,hook
1397,0.713122858,1.559970296,792,1.106353397,hook
1398,0.671111381,1.412959892,743,0.923932765,hook
1399,0.653269269,1.455465567,698,0.932421831,hook
1400,0.654107368,1.326687583,805,0.793903961,hook
1401,0.491957534,0.737022276,446,0.270025733,lat
1402,0.591754702,1.060302151,600,0.545895477,lat
1403,0.525377087,0.819459862,630,0.327774822,lat
1404,0.572305675,1.038568098,646,0.499080909,lat
1405,0.503328874,0.802423692,200,0.330268815,lat
1406,0.598797976,1.037545837,596,0.522226559,lat
1407,0.565065514,0.925733448,698,0.408973647,lat
1408,0.512426335,0.77961695,492,0.301255221,lat
1409,0.53695923,0.878512166,346,0.373069019,lat
1410,0.659813168,1.167932108,929,0.676011411,lat
1411,0.494139362,0.73895168,240,0.290620228,lat
1412,0.554613686,0.86540022,364,0.381679632,lat
1413,0.516354798,0.749615471,949,0.286242816,lat
1414,0.528300989,0.824069377,423,0.338845141,lat
1415,0.567896325,0.937597878,578,0.423539842,lat
1416,0.546383158,0.842525158,128,0.365704697,lat
1417,0.525708973,0.824190633,723,0.36785617,lat
1418,0.523441814,0.850990371,598,0.360498754,lat
1419,0.504050904,0.773439038,547,0.303674765,lat
1420,0.546938492,0.85789526,536,0.385958678,lat
1421,0.52284439,0.830153474,448,0.337685795,lat
1422,0.47677028,0.679858507,388,0.23877588,lat
1423,0.489419886,0.707267184,499,0.261314864,lat
1424,0.692538487,1.286102338,820,0.768481896,lat
1425,0.688584179,1.212303074,1044,0.681960876,lat
1426,0.656789531,1.114200323,360,0.616362835,lat
1427,0.588935441,0.935167251,617,0.442849345,lat
1428,0.498131149,0.778316542,362,0.301975865,lat
1429,0.511263334,0.769047181,366,0.304244013,lat
1430,0.551149786,0.85940366,190,0.359553095,lat
1431,0.567701401,0.865251983,714,0.378421081,lat
1432,0.477201223,0.682791442,388,0.244169883,lat
1433,0.415917162,0.548574693,324,0.163349278,lat
1434,0.414652017,0.510386173,234,0.155122239,lat
1435,0.486120119,0.738838026,645,0.266605171,lat
1436,0.469286146,0.663164123,395,0.226819379,lat
1437,0.531028109,0.850750652,590,0.356762763,lat
1438,0.503265973,0.736919282,406,0.280038665,lat
1439,0.507100501,0.750209121,408,0.282908286,lat
1440,0.477181068,0.735878823,430,0.272700222,lat
1441,0.589804734,0.965553868,206,0.452222147,lat
1442,0.528532082,0.791457268,460,0.310106609,lat
1443,0.536774371,0.83870742,610,0.350622155,lat
1444,0.594164884,0.934586674,941,0.432545046,lat
1445,0.523212698,0.794872462,478,0.328808598,lat
1446,0.403946087,0.533720799,210,0.159001852,lat
1447,0.448675951,0.591971,442,0.17938302,lat
1448,0.43144364,0.566336238,194,0.177563238,lat
1449,0.460256378,0.659104711,378,0.228698911,lat
1450,0.478607857,0.703059606,282,0.250735008,lat
1451,0.43073869,0.574515607,392,0.182249779,lat
1452,0.42560124,0.546589354,330,0.165910583,lat
1453,0.426615856,0.595695915,336,0.18075566,lat
1454,0.624261635,1.064535514,414,0.534708461,lat
1455,0.607760094,0.964413776,456,0.439561538,lat
1456,0.485611944,0.672705682,284,0.242275344,lat
1457,0.52557159,0.821508586,430,0.33789135,lat
1458,0.502663375,0.728450068,362,0.271949455,lat
1459,0.425997755,0.569078855,390,0.177155459,lat
1460,0.483820787,0.737580288,324,0.27298915,lat
1461,0.462254844,0.639504648,298,0.224654626,lat
1462,0.361659731,0.454301953,116,0.124926706,lat
1463,0.380810433,0.45474722,166,0.12856938,lat
1464,0.472579806,0.677531952,380,0.241183018,lat
1465,0.406559881,0.514298992,372,0.148799008,lat
1466,0.404522489,0.461083206,198,0.133690859,lat
1467,0.446230433,0.644937195,324,0.223187047,lat
1468,0.472485525,0.67668009,408,0.241280736,lat
1469,0.553518588,0.877460457,637,0.381082205,lat
1470,0.61110421,1.01153285,550,0.487423325,lat
1471,0.566072089,0.923255966,604,0.404701127,lat
1472,0.566874702,0.910102259,670,0.396984244,lat
1473,0.546109801,0.885906648,328,0.376848535,lat
1474,0.594742693,1.020165338,549,0.50090957,lat
1475,0.530678853,0.815226527,544,0.333576853,lat
1476,0.518475812,0.864343501,488,0.37270783,lat
1477,0.526344148,0.83524664,564,0.34078229,lat
1478,0.49357322,0.730913464,446,0.280405729,lat
1479,0.419230641,0.573428129,278,0.183294571,lat
1480,0.535860485,0.87909726,562,0.387938619,lat
1481,0.531207267,0.871014556,516,0.379081322,lat
1482,0.502659545,0.777852261,462,0.305114828,lat
1483,0.435796892,0.612091123,252,0.201180763,lat
1484,0.507736595,0.798415562,484,0.310314751,lat
1485,0.546670198,0.944760403,578,0.419627512,lat
1486,0.528704259,0.896981087,598,0.372348781,lat
1487,0.4884573,0.737757293,411,0.276212389,lat
1488,0.499225514,0.772188947,486,0.291145127,lat
1489,0.495508161,0.770920749,452,0.297132128,lat
1490,0.455878701,0.643227266,342,0.216128777,lat
1491,0.496508879,0.754844124,567,0.27592175,lat
1492,0.3694254,0.389387519,160,0.096889954,lat
1493,0.522049278,0.834965265,560,0.332041783,lat
1494,0.416512038,0.523001956,196,0.146572331,lat
1495,0.522221775,0.837106738,518,0.351449751,lat
1496,0.487806883,0.752972685,336,0.273525799,lat
1497,0.507518043,0.824696645,544,0.321242582,lat
1498,0.509122946,0.798266447,524,0.306089397,lat
1499,0.473354412,0.760584525,402,0.283898592,lat
1500,0.537902974,0.894592567,598,0.369121997,lat
1501,0.45970301,0.631205436,404,0.206669115,palm
1502,0.462194114,0.637829461,428,0.210243944,palm
1503,0.535760635,0.898507861,473,0.363682407,palm
1504,0.543874678,0.872645086,530,0.33692587,palm
1505,0.501318419,0.782012764,526,0.286078138,palm
1506,0.475361944,0.756509364,382,0.269557642,palm
1507,0.558012698,0.931592331,520,0.390904328,palm
1508,0.464658168,0.674865038,362,0.21709803,palm
1509,0.469939294,0.687976623,337,0.225059425,palm
1510,0.462459875,0.698161292,440,0.228757132,palm
1511,0.497099104,0.809470502,488,0.301696682,palm
1512,0.487609219,0.920707005,400,0.360867069,palm
1513,0.514081423,0.860250191,512,0.334024881,palm
1514,0.449538235,0.643547554,394,0.210310127,palm
1515,0.470536792,0.730208515,414,0.258185553,palm
1516,0.466047479,0.710131471,358,0.234541919,palm
1517,0.450658345,0.65786928,292,0.21680933,palm
1518,0.431472378,0.588424779,344,0.182351239,palm
1519,0.466095772,0.685825902,470,0.228366639,palm
1520,0.469712829,0.686200835,432,0.232791529,palm
1521,0.435723716,0.597156894,342,0.179369129,palm
1522,0.446819522,0.653440387,376,0.208385906,palm
1523,0.453542275,0.675595309,374,0.235846973,palm
1524,0.454537068,0.607790662,250,0.193822904,palm
1525,0.510138488,0.792071233,572,0.304250011,palm
1526,0.544547183,0.883104332,608,0.395223947,palm
1527,0.558379848,0.8967661,746,0.375977932,palm
1528,0.517604517,0.87120368,509,0.353423835,palm
1529,0.571697951,0.960440602,577,0.427188526,palm
1530,0.578126838,1.023825727,674,0.488447832,palm
1531,0.535937289,0.923636746,364,0.406200681,palm
1532,0.551522012,0.940516379,470,0.432170416,palm
1533,0.54678315,0.905774436,678,0.408172393,palm
1534,0.514854921,0.820341384,440,0.316492854,palm
1535,0.514264725,0.802130158,436,0.313548358,palm
1536,0.521976328,0.845277007,492,0.338146747,palm
1537,0.541923783,0.92913944,752,0.407130911,palm
1538,0.502855278,0.770737689,464,0.300740114,palm
1539,0.510075443,0.794780288,466,0.324215217,palm
1540,0.495486329,0.753409683,502,0.286302868,palm
1541,0.614962734,1.176890246,661,0.609249759,palm
1542,0.554723547,0.954477634,560,0.403044357,palm
1543,0.510632201,0.825786772,524,0.336436395,palm
1544,0.54143599,0.911653327,610,0.392522588,palm
1545,0.503721072,0.776757958,356,0.296652714,palm
1546,0.516374213,0.793381627,428,0.300094086,palm
1547,0.613485197,1.163827636,758,0.589578302,palm
1548,0.513378774,0.81896105,820,0.316153337,palm
1549,0.449931168,0.652971721,406,0.211120603,palm
1550,0.476883012,0.747965817,346,0.262151879,palm
1551,0.465962309,0.687791713,404,0.243293994,palm
1552,0.472168757,0.784573178,360,0.282052824,palm
1553,0.518192572,0.831438217,508,0.328803881,palm
1554,0.511113702,0.781789822,468,0.297559854,palm
1555,0.504496088,0.797405792,492,0.293793758,palm
1556,0.531523272,0.865470899,749,0.351612522,palm
1557,0.509616159,0.830743469,458,0.322371451,palm
1558,0.527157914,0.81974957,546,0.319967845,palm
1559,0.527157317,0.865133071,514,0.3528846,palm
1560,0.519606611,0.860128247,566,0.358909533,palm
1561,0.491425268,0.750281828,438,0.27515458,palm
1562,0.499097226,0.828435155,432,0.338663957,palm
1563,0.49586159,0.758754619,458,0.302295378,palm
1564,0.472145674,0.698821598,408,0.245314482,palm
1565,0.492712509,0.833144976,456,0.336408965,palm
1566,0.494891077,0.785882605,445,0.31995424,palm
1567,0.511859624,0.800684689,516,0.31951739,palm
1568,0.49872066,0.77806401,484,0.301756784,palm
1569,0.502952259,0.734474644,496,0.283676374,palm
1570,0.478061686,0.734046353,414,0.278828386,palm
1571,0.529694334,0.862610633,558,0.373401397,palm
1572,0.547034818,0.853859536,526,0.391274692,palm
1573,0.517624823,0.787222691,748,0.303913383,palm
1574,0.472348609,0.671923231,308,0.24566721,palm
1575,0.503159099,0.764883227,430,0.311194457,palm
1576,0.508823699,0.80832874,507,0.317713044,palm
1577,0.459127852,0.667124311,405,0.233752359,palm
1578,0.49892996,0.790070969,436,0.295605521,palm
1579,0.519363529,0.817049385,496,0.333798648,palm
1580,0.463374345,0.696474046,312,0.247734573,palm
1581,0.483672913,0.752223857,364,0.297169372,palm
1582,0.46464587,0.675210963,374,0.238580155,palm
1583,0.460527886,0.662084513,373,0.241840065,palm
1584,0.453709594,0.65678657,346,0.226627329,palm
1585,0.43637285,0.584559838,280,0.18379603,palm
1586,0.436109342,0.577641706,308,0.182126028,palm
1587,0.499417492,0.776401068,508,0.312019063,palm
1588,0.47306127,0.71002802,418,0.255286155,palm
1589,0.48237825,0.700690103,372,0.271812039,palm
1590,0.459516542,0.615716095,336,0.22088502,palm
1591,0.50352046,0.751343149,518,0.278902116,palm
1592,0.473307066,0.726094354,408,0.268695086,palm
1593,0.535092255,0.905593488,616,0.389265736,palm
1594,0.490086261,0.721642945,394,0.273894398,palm
1595,0.44940178,0.609291089,397,0.206342144,palm
1596,0.487937586,0.708409099,434,0.270718315,palm
1597,0.473392706,0.683873372,334,0.263658104,palm
1598,0.4778423,0.695260266,516,0.253867604,palm
1599,0.466032721,0.625804211,332,0.225216771,palm
1600,0.455709251,0.645416468,430,0.20184607,palm
1601,0.854790058,2.010369369,992,1.749626641,spher
1602,0.902935328,2.304333963,991,2.203485023,spher
1603,0.843660946,1.970715964,876,1.76978075,spher
1604,0.797812946,1.841110188,778,1.446365337,spher
1605,0.794577638,1.890636858,807,1.556782135,spher
1606,0.792469005,1.790876375,866,1.479226639,spher
1607,0.844888168,1.888857961,862,1.6092905,spher
1608,0.781625932,1.800494274,841,1.506346211,spher
1609,0.76693635,1.687303605,835,1.393124268,spher
1610,0.81700359,1.920689929,857,1.724527258,spher
1611,0.767583133,1.877999719,790,1.574490328,spher
1612,0.82796671,1.939793161,856,1.696410825,spher
1613,0.810529748,1.844690759,882,1.529035045,spher
1614,0.7518579,1.702935315,782,1.416142065,spher
1615,0.728968838,1.62678279,740,1.200013753,spher
1616,0.671140541,1.371306829,750,0.904293571,spher
1617,0.696800051,1.458548676,774,1.028316931,spher
1618,0.711040078,1.614456561,735,1.213361632,spher
1619,0.68970996,1.331660928,758,0.861914293,spher
1620,0.716742766,1.567734125,813,1.113647777,spher
1621,0.721969824,1.543411757,857,1.085974303,spher
1622,0.718031365,1.531564483,788,1.123463949,spher
1623,0.679857042,1.454830537,712,0.997396539,spher
1624,0.710113647,1.545990197,688,1.081504172,spher
1625,0.767444862,1.815597525,862,1.469259856,spher
1626,0.776625411,1.737977721,838,1.38920552,spher
1627,0.821751298,1.832018639,897,1.575555133,spher
1628,0.847461964,1.941406308,936,1.753351175,spher
1629,0.923778163,2.267815981,868,2.402641384,spher
1630,0.843745709,2.042730259,826,1.956096875,spher
1631,0.838020775,2.002752033,796,1.877680512,spher
1632,0.793896783,1.807876747,791,1.619974378,spher
1633,0.871759304,2.107334292,850,2.062382663,spher
1634,0.90389144,2.280988328,829,2.315112193,spher
1635,0.779378785,1.794618864,876,1.493778982,spher
1636,0.779749981,1.748964482,815,1.46631874,spher
1637,0.776842175,1.778640689,764,1.512237409,spher
1638,0.827459368,1.955001636,817,1.736864617,spher
1639,0.722177103,1.598631745,818,1.134132863,spher
1640,0.705163157,1.551650313,798,1.136695851,spher
1641,0.703349307,1.562155863,770,1.116251726,spher
1642,0.680688978,1.446116208,777,0.980873024,spher
1643,0.683433835,1.508480586,768,0.992762753,spher
1644,0.682090026,1.460041372,706,0.959037262,spher
1645,0.643886323,1.300383318,676,0.812092152,spher
1646,0.721710195,1.602956321,724,1.122437208,spher
1647,0.702314375,1.471841045,797,1.016977945,spher
1648,0.666558851,1.41200214,744,0.941499975,spher
1649,0.676442651,1.528353343,726,1.040176943,spher
1650,0.69968895,1.501075249,761,1.024859667,spher
1651,0.670587157,1.368101286,792,0.836697426,spher
1652,0.733954755,1.643526249,812,1.187001914,spher
1653,0.747250905,1.745224621,818,1.306189671,spher
1654,0.629501034,1.291330618,720,0.758609657,spher
1655,0.646113401,1.280774519,742,0.798028967,spher
1656,0.626482223,1.254245939,684,0.725071392,spher
1657,0.617289497,1.221329082,799,0.706972609,spher
1658,0.655888002,1.455682748,763,0.922546582,spher
1659,0.607274489,1.238359497,666,0.713454506,spher
1660,0.62002386,1.262749073,574,0.747881849,spher
1661,0.702063798,1.497462245,716,1.040121194,spher
1662,0.699471561,1.465307238,792,0.978248815,spher
1663,0.68556068,1.469062339,776,0.985354558,spher
1664,0.691206787,1.473018995,696,0.998164289,spher
1665,0.727871168,1.656306305,871,1.202758331,spher
1666,0.664612154,1.428597293,693,0.956709902,spher
1667,1.003586775,2.537212348,911,2.854579563,spher
1668,0.667564547,1.367032609,851,0.834011804,spher
1669,0.62743354,1.275097698,686,0.737482847,spher
1670,0.648172685,1.487091394,584,0.946865415,spher
1671,0.661280909,1.393179505,744,0.837976783,spher
1672,0.710581481,1.736900408,812,1.307245102,spher
1673,0.710194089,1.588953389,772,1.150393497,spher
1674,0.706470153,1.54690609,788,1.105991987,spher
1675,0.642017694,1.35517926,701,0.838388956,spher
1676,0.67968426,1.459167609,734,0.970693138,spher
1677,0.669893657,1.514346484,703,0.992891586,spher
1678,0.668304599,1.41524865,778,0.929031348,spher
1679,0.651791695,1.341029216,642,0.877962245,spher
1680,0.628707788,1.299425076,718,0.80051094,spher
1681,0.693248373,1.481936025,742,0.988149586,spher
1682,0.699383699,1.52558105,804,1.026281936,spher
1683,0.686200363,1.511352635,676,1.023983232,spher
1684,0.657482079,1.32813641,690,0.791228192,spher
1685,0.687475263,1.519740871,692,0.97996113,spher
1686,0.755100796,1.710169954,842,1.314983005,spher
1687,0.661738202,1.382062678,716,0.870332721,spher
1688,0.671492017,1.452916744,748,0.913835244,spher
1689,0.686756347,1.556230729,732,1.116307569,spher
1690,0.644363687,1.402344738,740,0.900353222,spher
1691,0.625210303,1.29900768,805,0.759896339,spher
1692,0.60429839,1.189099462,629,0.689223619,spher
1693,0.597431288,1.217486385,674,0.657345284,spher
1694,0.63425135,1.27770423,597,0.767082407,spher
1695,0.641568894,1.39263868,737,0.845884428,spher
1696,0.663369851,1.483591631,745,0.995212155,spher
1697,0.663359367,1.446016546,754,0.940049025,spher
1698,0.654945694,1.321230058,789,0.817672457,spher
1699,0.642352106,1.390220067,515,0.887707383,spher
1700,0.653517642,1.399798985,624,0.893646376,spher
1701,0.584580348,1.002403333,664,0.471085477,tip
1702,0.585777244,1.072065238,654,0.528273525,tip
1703,0.608264867,1.12379198,678,0.584124211,tip
1704,0.55803022,0.964879399,568,0.448914867,tip
1705,0.538577644,0.947037026,572,0.418123361,tip
1706,0.557662898,0.982895903,652,0.451736809,tip
1707,0.558865219,1.003255653,618,0.467584087,tip
1708,0.611634965,1.183407416,786,0.607673623,tip
1709,0.545639685,0.90417786,558,0.379578541,tip
1710,0.560163969,1.124861978,502,0.552609174,tip
1711,0.52543951,0.889710525,604,0.384917168,tip
1712,0.582396926,1.074736146,610,0.552007125,tip
1713,0.59206201,1.162974616,586,0.648509378,tip
1714,0.570459998,0.978556463,590,0.462448561,tip
1715,0.562522695,1.068126326,604,0.516600728,tip
1716,0.595225077,1.189866182,548,0.673977341,tip
1717,0.640577384,1.212774371,608,0.683835146,tip
1718,0.57073993,0.992408931,642,0.470223293,tip
1719,0.608131928,1.159637793,684,0.61087419,tip
1720,0.563699992,1.041987275,609,0.501746058,tip
1721,0.562539371,0.980112022,526,0.499431634,tip
1722,0.505922291,0.904074296,388,0.402129687,tip
1723,0.478422375,0.710296072,514,0.262023592,tip
1724,0.524259379,0.958222121,450,0.467525977,tip
1725,0.53541378,0.993260639,447,0.489384377,tip
1726,0.558779615,0.963882512,645,0.500911609,tip
1727,0.513822338,0.850939326,396,0.40821562,tip
1728,0.549709627,0.965551341,580,0.477642033,tip
1729,0.584729264,1.090237958,678,0.584511504,tip
1730,0.569617224,1.074235399,601,0.538837972,tip
1731,0.535818074,0.892741297,441,0.399249715,tip
1732,0.552750788,1.126262149,548,0.641623333,tip
1733,0.580291283,0.980742272,586,0.495599127,tip
1734,0.656018803,1.286176139,762,0.794142445,tip
1735,0.613751745,1.102139147,674,0.580459799,tip
1736,0.65743513,1.293841708,738,0.781822699,tip
1737,0.576767322,1.041109648,668,0.519127206,tip
1738,0.650900801,1.275116397,692,0.772875571,tip
1739,0.606031292,1.122849238,654,0.62073009,tip
1740,0.58615664,1.056675955,701,0.548244094,tip
1741,0.595033624,1.234639948,540,0.69842231,tip
1742,0.521734026,0.929600429,473,0.412801426,tip
1743,0.54195751,0.974646688,500,0.49883313,tip
1744,0.504749122,0.77748766,458,0.311898279,tip
1745,0.516025733,0.808500901,422,0.347535926,tip
1746,0.581940516,1.111009118,622,0.609389181,tip
1747,0.613457478,1.156969927,698,0.621776598,tip
1748,0.587332092,1.033782546,837,0.530122473,tip
1749,0.582856557,1.103169393,590,0.593333646,tip
1750,0.538685682,0.917338764,434,0.413750879,tip
1751,0.619588332,1.097395304,746,0.602904662,tip
1752,0.619655656,1.116062524,724,0.596432239,tip
1753,0.521835459,0.871629428,477,0.387405483,tip
1754,0.546742097,0.977407074,544,0.454375413,tip
1755,0.566092267,0.9661485,586,0.456565202,tip
1756,0.592106552,1.124979421,632,0.627836148,tip
1757,0.586839504,1.152931934,502,0.655423114,tip
1758,0.558017639,0.945186351,614,0.44601839,tip
1759,0.598066801,1.076255389,416,0.567484997,tip
1760,0.603102557,1.165800348,714,0.659437974,tip
1761,0.523330767,1.097537871,366,0.574360825,tip
1762,0.57231704,1.048522747,649,0.536836093,tip
1763,0.580851009,1.073476651,640,0.595189178,tip
1764,0.71056427,1.327741633,827,0.854694811,tip
1765,0.555990315,0.989917883,497,0.495631658,tip
1766,0.521918676,0.956175189,442,0.461441661,tip
1767,0.534931222,0.842369702,568,0.370934132,tip
1768,0.539978248,0.908514557,518,0.460178744,tip
1769,0.510554807,0.858164102,454,0.370852006,tip
1770,0.569820234,1.073145837,652,0.560500421,tip
1771,0.547566279,0.984308479,472,0.512946073,tip
1772,0.540044288,0.931072499,504,0.499428337,tip
1773,0.464401099,0.639976138,412,0.236565127,tip
1774,0.530306588,0.886729631,366,0.427949961,tip
1775,0.47963372,0.685146531,416,0.256496396,tip
1776,0.446357631,0.715367012,342,0.262779903,tip
1777,0.569482853,1.10346803,526,0.64754969,tip
1778,0.523012282,0.901850578,382,0.416013962,tip
1779,0.589613702,1.077709154,708,0.560046221,tip
1780,0.626639454,1.229871046,688,0.737371435,tip
1781,0.647293045,1.15324918,740,0.642087432,tip
1782,0.555796605,0.964804693,498,0.449552552,tip
1783,0.478271803,0.718610441,436,0.273714951,tip
1784,0.543704461,0.900996262,520,0.418320974,tip
1785,0.500285946,0.833668789,466,0.346341731,tip
1786,0.426701018,0.585535286,316,0.191842259,tip
1787,0.477992899,0.798755599,366,0.333890239,tip
1788,0.493688144,0.784463614,445,0.324471155,tip
1789,0.543228211,1.001921801,524,0.482263913,tip
1790,0.4944198,0.894591465,410,0.429274946,tip
1791,0.500364608,0.804219204,474,0.345931214,tip
1792,0.551899918,1.011158209,459,0.503583646,tip
1793,0.475395826,0.722832908,320,0.290150327,tip
1794,0.477923773,0.713526229,310,0.278221793,tip
1795,0.503435189,0.788788169,451,0.326388137,tip
1796,0.47543994,0.74012639,333,0.304043061,tip
1797,0.554557667,0.919681913,578,0.454240863,tip
1798,0.615863997,1.116084747,583,0.553683786,tip
1799,0.501132379,0.791250428,398,0.299049569,tip
1800,0.573002521,1.031411992,888,0.468490995,tip
